,SRX259777,SRX259778,SRX259779,SRX259780,SRX259781,SRX259782,SRX259783,SRX259784,SRX259785,SRX259786,SRX259787,SRX259788,SRX259791,SRX259792,SRX259793,SRX359366,SRX359367,SRX359368,SRX359369,SRX359370,SRX359371,SRX359372,SRX359373,SRX359374,SRX359375,SRX359376,SRX359377,SRX359378,SRX359379,SRX359380,SRX359381,SRX359382,SRX359383,SRX3211301,SRX3211302,SRX3211303,SRX3211304,SRX3211305,SRX3211306,SRX3211307,SRX3211308,SRX3211309,SRX3211310,SRX3211311,SRX3211312,SRX3211313,SRX3211314,SRX3211315,SRX3211316,SRX3211317,SRX3211318,SRX3211319,SRX3211320,SRX3211321,SRX3211322,SRX3211323,SRX3211324,SRX3211325,SRX3211326,SRX3211327,SRX3211328,SRX3211329,SRX3211330,SRX3211331,SRX3211332,SRX3211333,SRX3211334,SRX3211335,SRX3211336,SRX3211337,SRX3211338,SRX3211339,SRX3211340,SRX3211341,SRX3211342,SRX3211343,SRX3211344,SRX3211345,SRX3211346,SRX3211347,SRX3211348,SRX3211349,SRX3211350,SRX3211351,SRX3211352,SRX3211353,SRX3211354,SRX3211355,SRX3211356,SRX3211357,SRX3211358,SRX3211359,SRX3211360,SRX3172761,SRX3172762,SRX3172763,SRX3172764,SRX3172765,SRX3172766,SRX3159653,SRX3159654,SRX3159655,SRX3159656,SRX3159657,SRX3159658,SRX3159659,SRX3159660,SRX3159661,SRX3159662,SRX3159663,SRX3159664,SRX3159665,SRX3159666,SRX3159667,SRX3159668,SRX3176780,SRX3176781,SRX3176782,SRX3176783,SRX3176784,SRX3176785,SRX3176786,SRX3176787,SRX3176788,SRX3176789,SRX3176791,SRX3176792,SRX3176798,SRX3176799,SRX3176800,SRX3176801,SRX3176802,SRX3176803,SRX3176804,SRX3176805,SRX3176806,SRX3176807,SRX3176809,SRX3176810,SRX3312459,SRX3312460,SRX3312461,SRX3312462,SRX3312463,SRX3312464,SRX3312465,SRX3312466,SRX3312467,SRX3312468,SRX3312469,SRX3312470,SRX3312471,SRX3312472,SRX3312473,SRX3312477,SRX3312478,SRX3312479,SRX3312480,SRX3312481,SRX3312482,SRX3312483,SRX3312484,SRX3312485,SRX3312486,SRX3312487,SRX3312488,SRX3312489,SRX3312490,SRX3312491,SRX2356912,SRX2356914,SRX2356915,SRX2356921,SRX2356922,SRX2356923,SRX2356924,SRX2356925,SRX2356926,SRX2356927,SRX2356928,SRX2356929,SRX2356933,SRX2356934,SRX2356935,SRX4105497,SRX4105498,SRX4105499,SRX4105501,SRX4105502,SRX4105503,SRX4105504,SRX4105505,SRX4105509,SRX4105510,SRX4105525,SRX4105527,SRX4105528,SRX4105529,SRX4105530,SRX4105533,SRX4105536,SRX4105537,SRX4105538,SRX4105539,SRX4105545,SRX4105552,SRX4105556,SRX4105557,SRX4105558,SRX4105559,SRX4105561,SRX4105563,SRX4105564,SRX4105565,SRX4105566,SRX4105568
0,-3.085674073819768,4.24286589243111,-1.1571918186112455,-0.410160694632959,-5.308733468841689,2.5984770612817534,-2.9664758069518196,-1.5873730088663311,-5.144280037783244,-0.8606407898969067,-5.310063065595244,1.1700795039565615,-7.802435722937191,-7.71079453009335,0.8636702604911597,-2.8385538419108126e-16,1.3339179804033576,4.983370797037099,6.305252475317369,2.463819066627006,-0.03368154203857858,-4.412444398001169,-4.736104877542551,9.585522283212049,7.345165901799045,8.880133494484818,7.9875299133550275,1.6661836843594862,0.27574156681885115,-0.4677170499174573,1.8778241608727126,0.8624886639394239,2.33730848320811,0.6163093028261405,20.657759142509306,21.784888595778067,-3.3449726009387994,-1.9118300712487826,5.693467141790219,7.124050549522198,8.209874073806285,7.250858829148616,14.397845794052127,11.06693038184602,17.771891921328198,17.429184458325675,16.093445534878878,17.08134389093277,14.272806373829196,16.551916151728054,13.459716527388261,13.69533548802771,-4.836634779767742,4.836634779767738,-5.881625289153873,-1.7897516920816146,-0.4389085723323348,-1.2755438594774986,-0.5880480471879493,1.8796799136323825,8.38321004687758,9.270939024495895,12.111319275940906,14.692835608248865,16.184543178122986,19.817254995180384,40.08963348192888,43.345873147037786,14.756620711625827,16.099882300784117,1.527338427430769,3.2864006093926914,-0.9153185885004556,-0.4352462290363834,-0.5121655647960225,22.594497889179205,21.51897390643593,19.1278329295493,17.563919488001915,7.912946182294733,9.519800221853165,31.01825667358504,33.39585183605157,31.097977838053335,35.20198955433364,33.40559196975081,36.04502044770746,12.080897288509993,12.071999731628734,14.143315258426187,12.703880914699418,12.620844575464657,11.598446687788048,13.207668679978848,15.103139572377236,16.890372155630104,14.199451713009598,10.915542061454484,12.794263465821864,-0.2333645919500904,0.23336459195008927,3.7618775273861305,3.7881036469697973,1.4470475746566178,0.5452410129731241,11.403044102420324,9.566029870770434,-1.7507474341636806,-4.278829574610865,6.752521193902242,4.292878612111503,-1.023818673176638,-0.22840352630056301,4.242674219855936,3.749448423688881,-0.3888098125719975,28.025751811197583,47.06493668452514,52.649084067466575,55.887082292748936,55.65452129494204,53.21449067222499,56.24590591665341,60.29100091034374,9.312145318074636,30.647905262555025,37.44660048821267,3.8250006727703716,35.28452571556769,49.002690087949034,53.362889860235974,57.58946569171004,56.601307478121534,53.02407154066346,52.16795214843654,48.615235184116,8.508324740407149,41.7622903505106,52.93076534204002,11.981002638201744,20.028723088521023,32.833712160807515,40.3508180744916,42.35035846456669,42.56459731652005,46.64353947235776,52.665128860752375,55.68963456194353,10.135120183464382,16.20521232100785,23.56567607719361,29.698302777645132,33.38072268621207,35.50808025923588,5.848715813492525,23.79994211058839,33.657404611289344,41.355789663759786,42.58323531913629,42.96156645985291,43.487681655528256,44.04568561213787,46.73705440502104,9.891006940424086,21.243384089041765,33.072810875820295,37.31290135874777,38.96550766012554,37.549616109224615,0.0,56.68669267452529,62.25979729044502,-4.473278491784456,-16.77587072402325,-16.392256596504655,-8.175149086284302,-4.528340420467098,17.950256434299313,46.70130105538787,69.07364017925882,73.32208773414091,17.31578922798942,-4.990217837372392,-16.403306815308234,-73.2793881687058,-67.77943330578908,-63.373919103043505,-68.43409111990638,-66.77276103003533,-73.00720375124234,-68.3230188367753,-63.291595337238235,-68.54770851284253,-67.72903732076976,0.006973100862005481,-58.629877963717156,-57.98808620593234,-55.814802950099526,-56.2060380777402,-0.006973100862004649,-58.24242322693616,-58.023540944585086,-56.18346776140395,-55.7361630408886,-60.83086128302878,-59.015711859213205,-58.937158589552936,-61.597320354239294,-59.74282396747618,-58.12455003998561,-55.321246598087015,-55.48554355615616,-59.18449046053847,-58.683050685729924,-56.070547717146674,-55.090060756571326
1,-0.22994456082321918,0.3658428290023645,-0.13589826817918232,0.926473143018085,0.8369832428351927,0.2704223064731962,-0.5481898512976566,-0.12732762468422423,1.1194340461487868,2.9930097157343387,0.039057330726717604,1.6872758209215346,2.5221075329193745,1.3191953951908497,2.285602280417342,-5.142801508053073e-16,0.05165684731647177,0.13102006060761223,-1.181271334080073,-1.8411382519671478,0.31372467384499003,-15.375189713655306,-15.90353062637553,-17.17553415952398,-15.662931520705518,-6.694816145202789,-6.429702224895293,-0.08559586146338968,-0.7509287596552554,-1.2874694694219813,-0.16629838394243415,-0.12341245706163217,0.9600990734794779,-25.441277592258984,-29.074821695979914,-30.077388612662613,-5.896092028407773,-10.583231039038514,-17.59359450448038,-19.2958287375029,-18.338492427221297,-17.560299087791705,-21.93329722313895,-19.961181096451597,-22.639715227602128,-23.01570889026273,-22.07540316732683,-23.71203234276644,-21.986966141243002,-22.830228373414847,-21.866016752937586,-24.818909900437525,5.413794294489982,-5.41379429448998,-16.188064512569277,-20.000089809117828,-18.917239910715775,-18.401537389114655,-18.914937744386652,-17.928814966216738,-20.971748143093187,-20.41976185597197,-18.02217221655362,-20.054760926647326,-19.438826925468174,-21.310003521400244,-21.67978773463507,-32.24710275161159,-24.417257354713488,-22.511813153722997,-24.141721914469944,-20.562468439602398,-20.643495288449486,-25.13053031888023,-20.32410785345725,-24.18274933321631,-25.79314088805039,-22.32064112467144,-22.60663566423908,-18.377036612375584,-19.577860614319526,-25.31413073980064,-25.33662998218282,-26.70571473537046,-25.175313674578806,-27.89143634974508,-30.452311914736406,-15.864354812306836,-8.832253065113996,-18.04608913328708,-21.374444105387866,-20.66631017424312,-23.03809410766001,18.976928813500958,13.433699110686042,10.908851859693591,14.671626513732285,9.872368290979066,13.894544564198545,0.3910913263195422,-0.39109132631954213,1.8638159923036455,1.7676055819816991,17.09932946436269,16.0762485156195,15.381212647667633,19.452750729053925,27.78475705489701,27.702936808732694,20.361262603178556,20.10066366477514,26.891003722810748,23.769194026877006,23.145855933507292,20.61555552348299,18.985743500382167,24.80754997701651,24.701711720827717,16.878391634347704,11.583411491061383,10.545178076058768,10.86673267167486,6.629402769590133,4.301288890319245,15.777838211797969,23.051780501598646,19.435311664992412,20.683065708217963,20.625392657075167,18.91512792348114,13.738393591939165,11.090243846806377,9.309403245744946,10.858036369710632,8.02010523804376,8.700860667096418,20.167942095859384,21.134350508568424,17.784346178521897,5.359674786023387,10.263455115308798,11.752455225175979,8.61109125142092,4.553078528961422,3.5027664937733425,3.640553722470823,5.604805527437921,4.178926598837421,16.84398977332402,19.01109817555216,18.804351866659868,14.286108624646632,9.447672028174384,5.193109822165694,5.751764306983471,11.978392967650798,17.369982831489043,18.192382912384154,15.478735292107373,12.328494700357073,11.450988758796457,9.641368571274741,5.723039719301024,14.56919241438025,20.094211800614236,22.758934873770887,20.36718306944724,11.943702778072856,7.3799826143170275,0.0,-8.95116391662689,-15.858379566009866,1.5425121199354859,13.224366957212776,1.0025547579456608,2.2630845869878633,5.284992812338494,4.560032485444301,1.6310066519963775,-10.093678371454814,-19.098816685851705,-10.421117399959714,2.6389426192710674,-3.007177504430946,2.9777953932093357,16.470128266277257,16.40907410436153,17.176369821773296,21.45290106977331,3.1199972176466724,15.84665985771305,16.03701825125612,17.28094147889674,18.99944867837962,-0.08366784131667686,7.320582852267974,11.264371121959947,11.630810478183133,9.356741981606257,0.08366784131667566,7.585651963511468,11.170594474606972,10.953068967980347,10.050416279865235,9.814799679847583,10.729016971098327,-0.388662740624723,8.216520671014665,7.576095003137623,7.674842950706474,11.190899176167482,3.32224383358474,10.769935467344657,7.7444223467890945,8.498452683916259,10.931650076624937
2,-2.877137826211388,1.2038532875964245,1.6732845386149395,0.247462086420133,-2.3922333828692333,1.2321947097640358,-2.1483231153126714,-2.1586903552896506,-1.7373017218579097,-1.9649430586685823,-2.977714859061164,-1.7504437708789269,-2.7095150752700246,-5.791700659269192,-0.6329443116854735,5.915593787976382e-15,2.166803416538545,2.4808440338144186,3.210092855645369,2.572063010759071,1.9747014297590086,25.782710960925506,4.7111330459830345,5.374203791867194,5.148804134689599,27.507320076023838,5.904051681640422,4.525725473264305,4.316271588579755,4.861673819231528,23.84986823943539,22.833782064868252,23.535415755640816,-18.965611270543217,-17.5714829641276,-16.74715413886356,-14.312644587353825,-9.29567427272877,-20.247630330414054,-16.596489385720826,-18.891036761313707,-16.612674403639993,-17.559970230692407,-17.822246708975445,-18.977984355195726,-16.246418147916817,-19.89210221692678,-15.662713630509058,-19.888091568842782,-15.138983760306617,-19.983490100499015,-15.448822462825463,-9.508915213220703,9.508915213220703,-20.636235892904523,-17.148167740697485,-21.067165903992862,-18.250100102145176,-23.94514350024958,-19.312433384281643,-27.536107748862122,-18.919831734018214,-22.131564048555223,-19.24528655877368,-22.07631141189717,-17.496440834911372,-14.261774871477739,-11.145430866489855,-17.77415217335285,-15.72114876316828,-20.349501546001644,-17.50119448438798,-20.93673863808599,-18.717696465686796,-21.64632075492839,-18.398683471800485,-16.57926450985949,-17.712201127945548,-15.767473601903209,-23.583416537745155,-18.308861788847317,-18.92102829640733,-15.798673720357458,-19.68006054235612,-14.219656031343128,-14.799267739622202,-13.145416862326952,-17.260063269030972,-12.835710890618769,-19.83928602567733,-15.331073085407922,-20.3975373362791,-17.053050672317806,-3.794980651990788,-27.299315726582904,-27.60480391098421,-3.9412982159272127,-27.725988189034812,-28.857417202701477,0.12731652032609983,-0.12731652032609947,-1.233973679552361,0.20863392597141325,-8.161348045395922,-7.50299524449886,-4.384219119860494,-6.309551761908083,-6.232915906950065,-6.362022362086716,-5.679223203181777,-24.414831647186496,-11.236661535516774,-11.303816670121817,-10.892514336231748,-10.86875013274514,-0.7402997898920707,5.47927594593172,10.104229128776943,10.581247220803839,11.98277808723634,10.778167973527479,10.212700894149592,-19.94414007235781,-18.484442780525168,-26.708825913729275,-3.632125128578538,0.4409964341445742,-2.601544193199059,6.056085753746021,9.897508455245216,11.091665832984656,11.69189467251984,12.783336632302216,11.997947049856903,-20.024881159813866,-20.808651967172377,-3.8978340005815033,2.0776298385558136,5.331994770288154,0.5712631574613115,-0.21718943841587685,3.1062193134870597,7.151073087363267,9.762501886188673,10.310114980881217,11.309658282559235,13.40288260924216,12.73043571292704,-4.252932778890704,-5.620443811574112,-3.513527995433355,0.5957059418633048,4.626425863394806,7.669039781940414,-1.971554683361675,1.4606263696568704,2.5197375205936576,5.207307700369091,7.412443233539778,7.885767743385563,8.843190781330309,8.772537031584159,9.717350662859205,-8.56792291037115,-7.483510242621295,-4.16759316320399,-1.718915156227024,2.1457582159344892,5.511734012463417,0.0,6.946684844080685,5.5864362587207825,-4.347546934229278,4.433242142379775,-0.49614614314350625,-3.9233519280627838,-4.223888963764873,-0.551297091496563,0.621836191329771,3.7790928364387084,2.418883522484912,-7.055510532906554,19.062401622450714,-2.495949918176472,17.432740870296808,-5.078404224438967,-2.991600565523635,13.257298657323686,-8.110558288086601,17.099929146407828,-4.091018844506756,-4.1226739347269,13.816018702403344,-6.744458574684172,-0.308566137317664,-2.146064653612466,-1.5878819553714094,20.24187846711662,22.313102538024363,0.3085661373176637,-2.612885884317975,-1.7468519504062638,20.305290350729326,21.924837724577756,21.831076768933276,3.345203171684797,24.507545984570942,2.6044951843068396,21.917008148806232,3.814171384212615,3.639817603459755,23.73670775316683,22.258864739307775,23.462622721880784,3.8303703547382693,4.546739559631098
3,-8.060635403118328,4.176074510703959,3.8845608924144774,-5.567343318202989,-7.035287208605296,0.6607387585474491,1.44464651067626,-8.68527640608056,-5.669119904534946,-1.0233709165698808,-2.346655317030146,-3.232124528976879,-2.4074809542632387,-11.34618728007084,6.402250983850699,-1.7175071980468164e-15,-0.11780645653043047,25.922251210675668,34.234718956311596,28.130689247569848,8.335531597878418,-5.264138160645533,-4.124410895202541,33.95131656532115,39.63697583196761,38.944092118071474,34.92510817795873,-6.863758465952134,-8.403740764220366,-7.28810599021146,-3.896881295431884,-4.8506336254672995,-2.7871381191999114,22.90250059303583,46.47477711036328,44.14811656643185,-1.9345389794412557,-1.644762390329103,1.9510143325187863,-0.46458902616261194,18.00438345777848,9.57768010858799,36.490409298458985,27.43365460771013,47.29412426732343,43.606126922703424,45.30365990253654,44.744468200825985,45.18276953843575,44.515424923159436,42.34356047690271,40.56595983615357,-4.2265182443495215,4.226518244349515,-6.9615898772335205,-6.911703015629397,0.011571208064367067,-0.7381812114365299,13.350520760110907,11.269394400982222,34.870704989090406,29.142534025276984,40.14088415230759,38.08976051105535,45.627883502297685,44.14823202789379,58.42066212369839,55.16767774565382,45.59108704224869,41.31322557754291,29.241725407053206,27.265601311565266,24.96757216657798,21.545987170423455,25.788842018052232,51.997977771327584,47.4592103584001,49.64254054604015,45.47816764530372,30.836545352242084,27.68211398106233,47.1641890029637,42.53259601047094,53.111171520848046,51.173667619860765,54.61923968007952,54.16922750585712,43.41521312922117,39.093755973741224,40.674767731700555,36.48600024249371,41.147781349199576,38.53155961221313,27.455603175601706,32.62833777100173,33.705712200437056,25.48358390795613,28.3726675797252,30.292634786125937,-0.8690668962671103,0.8690668962671111,23.217759592858453,22.513796265125777,1.4608240592329098,2.4081764288964305,11.800026157976452,9.441593145685296,-2.264448933639142,-1.9327119279417357,26.853066179902566,26.351591596928188,-9.323840974356745,-8.219385402081334,17.178425375997072,17.016876313658393,14.891060455780698,21.0069252225487,26.952910642109874,28.519969946146777,29.832813223786626,26.480731301196496,18.088261108411857,7.553258182546967,10.941088322768055,15.055048923006513,22.155081055425462,26.176023887308858,20.690305614471797,26.38292918605528,30.455995417944496,32.592886438222756,33.88842277341427,30.18368502642699,19.018535904011717,2.039723930915516,-0.5611385517441232,19.545533150299548,32.443055085147634,37.76343085005727,19.42581240153285,21.78758972776025,26.464802725002606,30.8352032781932,34.704474969528576,35.62563553893111,32.91440596341507,21.605209864118223,15.110047223376885,5.264929069159557,6.603037548666552,8.71491082978472,12.40678824750496,15.962700705811,18.625529000900894,16.810068310041256,23.899573582030357,28.686775092297875,34.40122257165936,36.17894786043954,34.67155260898065,29.008138462187215,14.641403704195794,10.786347440903505,12.54893507134262,17.024517113055744,22.62284066631431,25.734550550992427,28.913620650901308,29.384290822018247,0.0,12.907412145269413,17.69070784144802,-39.84106344334358,-44.26409404011848,-50.801415427522606,-45.337993387846055,-46.78603007959782,-43.20621911936018,-36.83990184587275,-32.44736649031816,-29.292265734556295,-44.437597731264844,-43.87202134285244,-50.30380448691903,-26.601247289294644,-10.230776348525563,6.034872902054871,-13.317614128974819,-25.475450899672637,-26.494742950479854,-10.755949936281036,6.099246623687535,-14.093874157260798,-28.550038806786105,-0.03128492090048812,8.048272620665445,13.055568028692544,15.851552025515739,14.767498082730025,0.03128492090048765,8.053406216530881,12.927868865123292,15.526510088062475,14.850021281089418,-2.565387501376248,0.08450404850215922,-30.947144375217885,-22.961579315921814,-11.89113635202564,2.7598889911317253,9.627512163216014,-27.015856423074567,-19.599547752509253,-11.647882563837538,3.689069151612386,9.818596678322951
4,-2.7472465605722327,2.520579899557527,0.22666666101468538,-0.03555711367156425,-3.6713731246831984,-0.6622313967587149,-0.6110916588646317,-1.5569919606670504,-3.0273752434792436,-2.626408776435044,-1.5595401503741295,-1.6439730991274286,-4.297396596134222,-7.000347516505898,-3.4545041591735863,-3.990965972514845e-15,4.010469608510651,12.66497291222898,4.7590248072283226,4.385248839942843,2.8712058366260824,-2.9478066616849956,-9.128120067508707,27.609597317311476,18.047974648702485,8.201727599832223,7.944211789477216,4.24548204536337,-0.5875698441078981,4.2424776004379945,4.893446753792409,3.2369414584664007,6.749178869140834,-35.00327494097153,-3.476392719520729,-5.2541985063199705,-15.160335085197234,-14.547459794867127,-18.33693440253227,-15.426049189372677,-1.947778724741455,-9.967338115272465,3.6549473128234786,-6.559829057244498,-1.8181707371402749,-3.124923295784955,-8.730049277324408,-9.09870884194343,-9.727966200664572,-11.452985566937764,-11.066072937516559,-13.958131484106188,-3.9736088251091353,3.9736088251091353,-38.02420979398766,-34.0701089034376,-27.030623254835827,-29.172202853114992,-24.946166841125255,-25.002793530951898,-7.793509775751452,-14.962846616875085,-4.704656133116482,-9.174105738782727,-4.000799676967248,-7.335434084784599,10.915897412755358,11.730039702149499,-2.763156980905734,-5.194798127051731,-24.15031997000152,-30.578660740390088,-32.288163468653586,-37.22374044941227,-29.09364695803241,5.192968084561565,-0.615984154516222,3.6823509996704678,-8.277391938251963,-10.916440823939444,-16.260407098679917,14.377359824007355,5.026352158815463,21.42719283557268,16.634636007973064,17.923686234659755,16.251251737267083,5.507653925849423,0.9461233736963597,-2.045585079068257,-13.473219279623914,-8.929541472944072,-14.399264643232549,11.298595462089937,14.393740494839125,14.218908091247567,11.427888551624823,8.65882751327127,9.102995280300213,0.7532248290145719,-0.7532248290145703,1.3487249908243857,1.01703402707086,-7.212314016606843,-8.487355342161244,-1.1872664521993022,-4.076682545194719,-5.637076711508303,-6.228163394064429,-2.960901357835724,-3.293185638277144,-15.301644405751926,-14.023253527843696,-7.555398022203858,-6.23854075215471,7.493999035359785,2.934597668077024,6.833411414691997,11.921321359167111,16.89587196336251,15.972131141780112,15.322034203723067,20.443720005036457,22.1845499983962,-5.220976071164108,-6.018383000296578,-3.933181729599357,-2.9683823967849743,-0.7878452753714474,4.629386558262416,12.889833949037488,15.789732623180964,15.829014854572653,17.59365187407443,23.30292586470104,26.247322568985364,-8.715796843361018,-9.840362087108318,-3.1751345094973975,-2.2182824490795965,-6.464912810500265,-6.804943590043494,-2.4158506806389335,4.823078239197446,9.237292168759302,11.369110034950266,11.078184466295301,9.004019200435922,-4.792458369437146,-9.451001144158525,-10.220975741520268,-7.552788778729094,-1.1431259354759815,3.8944887346042236,-6.23292374800556,-6.958608422203861,-5.411613524106442,-2.8250546332743975,1.6426936918180786,4.9992769012252305,7.539748480141375,8.377680157973018,8.157519858352119,-2.9239209550992693,-6.3323736365698595,-6.248585710295556,-4.406108182876294,2.2111272459859435,6.378459131597745,0.0,11.784039775073298,26.137024676455876,13.151588789276182,-2.8645098897405075,-22.16798572394343,-5.819629736750472,-9.285432222519013,-6.565682440786645,-2.1475525312801262,14.931490110854579,28.13359010294742,16.659723177691088,6.083144727342875,-17.58635522550381,-10.309972764474965,-1.218863117624855,1.2679510504104712,-5.045204203142367,-1.1381902055333142,-10.115080632395369,-1.8932473383488093,1.739443298769477,-4.938121737610092,-3.48376619656537,0.2369179395328909,5.0407038472528365,6.1088706124676255,3.5960103997983066,1.8398118449985728,-0.2369179395328894,5.289501634243054,6.087330897747311,3.2132640864361015,2.0897468824443717,4.523013589695494,7.709646857910524,3.7420043195832107,-2.0866391456014926,5.093658660289177,8.600599902539942,8.93179665148264,9.3668634268174,2.2147708390694905,6.800574542414936,12.078003973314146,9.015200636991773
5,0.9131225139266248,-0.7765990591066982,-0.13652345481994124,-0.0966213448690375,-0.47307594719517004,0.8996825204736553,1.5267419503064301,-1.5557805274854521,1.3703650266868284,1.182145233433519,-0.30990737908068255,0.978589155403452,-4.762306595027646,1.3989854117210854,-0.6225150553210179,2.2976587997915275e-15,1.8300762404408442,-1.2651273789777095,2.1762489601623076,1.1776779711731833,1.0492407407598103,-1.7659922186990562,1.6774613425473959,-2.7895230502239787,-1.2665544810836242,-6.560969544899645,0.8850737432332254,1.2428603074781175,1.3278502762194078,1.286574287098762,-1.7223958558856134,-1.181913608286219,-2.387347288228685,11.501451015296134,9.363297517701428,11.227142991961124,5.74508625201184,5.923853687478534,13.531462994835774,12.93430943344687,11.31197801286644,11.53217050552721,8.594627490777631,9.90861819231012,10.020549770035103,9.880798114272658,12.08998260839453,12.002481139181294,13.284103023820053,12.674929672146998,12.35295063762079,14.141789750489842,-0.24571357367324193,0.2457135736732404,13.102595013635396,11.16560776621353,11.224495714286343,10.632294252370187,11.656752109114338,10.799464008536637,9.711489325582695,9.810054442342542,9.433732270637442,9.906476498813594,11.390235922079558,11.043250008298838,17.978235639979324,19.664520310032614,11.209419654370912,9.429570571693061,9.939022006548722,8.909917771539034,10.71557258588317,10.375132323340528,11.027830058970965,9.90987310579137,9.860983311876133,9.300505878218067,9.999067272830144,10.639438830248219,9.476505276917624,12.501321419227775,14.265619366781252,11.57419920300685,10.589312944802437,9.915095707759809,9.643127829023584,7.133932670237751,4.407704697358285,8.37667955024855,6.073014327662941,10.78718393659884,9.754974480771958,11.360289263463544,20.896865320391825,18.947322719532117,13.484891823030994,16.730221979869484,16.790441323161527,-0.06946337677364968,0.06946337677364937,1.865462494190915,0.3836272376529626,-11.910476322410876,-12.35537405204383,-16.496312277941264,-14.881034436284997,-4.522397400354854,-4.811028696838974,-1.5976636513801403,3.280471094506891,-6.891182271058016,-9.195164785976369,-10.275672896063588,-11.617338592397946,2.7278244062038213,12.944199643936816,17.232001903119308,14.502413134988073,13.609658132148454,14.106739733984433,15.569551534910909,22.544773244099638,23.971132903349993,-7.757941452791766,-11.139229900489857,-15.248164910496524,9.91230539260234,19.84529945793145,23.13410183266628,20.956794720013466,21.419111799504403,22.208860972883205,23.039107566334255,26.845798829806522,27.277064487067346,-8.972722864486505,-4.412073946916732,-7.636128201010755,-15.639073560143668,-12.320340072322727,-12.474762156998379,-16.79130687777664,-20.1781236948121,-19.447036660036527,-19.14106873839732,-22.34499705767207,-21.64411608903367,-17.78319319280795,-15.012260682804992,-16.40538462231121,-21.650984576399246,-28.753552779522416,-34.85517116141061,-10.537220185754808,-9.307092264854727,-7.983539804749707,-9.724833925935929,-9.238623307704177,-10.87455169673878,-13.030942844283851,-15.670215018519151,-17.860665578184406,-13.539424089495471,-10.735323853788096,-12.731291834818517,-14.556615456862778,-22.11142297583789,-28.481586488447665,0.0,18.025300220475618,16.033120684440604,-6.460325569154724,-9.02533500751263,-1.8502555835196457,1.0066077538933558,4.770442959522848,8.073442529280639,10.602650451878565,12.36186036755465,8.430215013273289,-10.226041362067821,-12.047118573275855,-3.49026303321991,4.7687134923122185,8.055555074618011,8.815905985367904,8.733732861541554,12.180933712521735,4.728393137516309,7.388620049059045,8.051517854485002,7.84371942994296,10.898462361858629,0.004510588335759366,5.446435857110006,4.06604151122474,2.2872306801561315,2.8316932595562445,-0.004510588335759822,5.405692571899902,4.001964805026273,2.1726336814894673,2.918980762049719,5.5501263434016606,7.115247854789525,1.4161205838142026,5.97864800480679,2.2438503359656274,4.554461884652252,5.399349219614845,-0.14080482122844276,2.7533935218247394,2.611627022312658,4.0719381089150115,5.55285587442203
6,0.8068694429562359,2.351088749416906,-3.1579581923732127,-2.107855024273638,-1.7071107924031772,-3.328389167769116,-4.405667702508261,-0.7606093465139999,-0.9811053843152991,0.11381540238680833,-1.5794227063916364,-0.43758496409640624,2.4744435876744446,3.450830483074437,1.9355451996137658,-6.8610296609055e-15,1.2072681796732123,2.7155827067558245,-2.6909221174410822,-0.25444704885749897,2.5930877284603326,6.232412073420947,-0.15597548626022095,6.766725215556019,6.655963480089761,3.913891392746907,-0.1826709255968308,-0.28803105992839007,-0.17311978225086164,0.5928705722904261,2.7410946605036957,1.9942041420627767,3.052810011925368,2.3157269017211055,-1.7729363817511037,-3.318157419260533,-0.9193631704645979,-3.315510188984192,-1.4785606685353463,-2.4661439260229123,3.882978362243216,2.0944721110731224,4.384282087776543,4.06345372919559,-0.027315481509520977,0.647990089805338,-1.5174331129981915,-3.197944846109909,-2.4157047755707226,-4.6451115457533,-4.178467730976959,-6.295773266399805,2.291410796886366,-2.291410796886364,0.04971049932867029,-0.6832623320690375,0.775242352913628,1.2535080289380798,3.136877796629003,2.912332286625363,6.406289575124252,4.236712820757756,5.490159376901355,3.365874489191317,1.779950799710544,-0.13713147425479705,-9.819790657930106,-11.095520566235557,4.1358058366112,1.1991332460776178,8.474797922377276,4.676890022225295,5.027568367567614,2.3350415565583837,4.021035762140244,-2.0178451880526485,-4.735593704402373,-2.068086547605917,-4.941735595666074,6.782630774111451,3.4440925912574385,4.193427469154916,1.685693882021087,-0.7024715294556132,-0.09038698251793463,-4.162194286568814,-5.217172063395666,3.386146418370147,3.4341318590771004,4.124190434070043,2.051379300144891,1.1184590545451827,-1.7961608235821396,-5.99996959395082,-5.769036680749448,-8.365792109287522,-6.372446226058027,-8.333516725672828,-7.374167258974585,-0.038421867384394154,0.03842186738439263,-2.8965425321129112,-3.676424610481612,-4.943175258662096,-4.5802605463115,-8.675135018646085,-7.131258139796302,-8.396509184015056,-8.596036252514018,-8.49275909295263,-5.616089560950513,-11.774004054646511,-10.08739205656474,-8.647796556108743,-9.213244648256723,0.8782240211326879,-0.2665431083116711,-8.938285474791956,-14.49074211612254,-24.793307314095067,-29.308032647491277,-34.5713822644143,-36.69838504085906,-37.19100340808193,-3.3157064435000536,-9.958539126509109,-17.853572271212357,0.3215428811699767,-1.1786297076360996,-10.119152871958738,-21.96092637724369,-31.282092660910134,-36.4295167564677,-41.27645483914898,-44.63520775197252,-42.45371528500999,-16.49282159024452,-18.951154979612085,-26.57883496583064,-8.888580413965352,-7.270147659744498,-11.93638160441907,-20.034719115459882,-28.28103630764039,-33.61685390064526,-35.59025466229833,-40.29154934794392,-40.682981632529234,-7.638674005048334,-4.877383093623182,-7.340387321911321,-12.679574046055087,-20.20987566318298,-26.055638143662144,-4.455371350337655,-6.562339173930018,-12.895996372605214,-23.656757533308998,-30.963599574522746,-37.277377799916344,-40.67350271635042,-42.327261556736104,-41.97520510948882,-4.494229622731653,-6.928552157643975,-11.730116383268719,-15.86857149580188,-24.560098437483962,-30.168183454560772,0.0,11.115910089464984,2.2004231235858716,-2.36572498072843,11.627554587106758,8.65204709488447,8.343396509422425,9.342253149505678,17.063423739636345,20.81354647020942,15.041236939137969,5.015933524087445,2.3091977842009954,10.104537076458632,7.664703049820495,-5.343389121975734,-6.859718755438637,-8.447886950449696,-7.098434635012779,-6.505475373942412,-5.656496799946889,-8.214561843780366,-7.957627128041537,-6.533403170762459,-8.59091128488594,0.1774870163124153,-1.126603564005334,-0.941870337242729,-3.083895575252232,-5.136588540871547,-0.17748701631241492,-0.8615150716503633,-1.0596931722335907,-3.898428597843969,-4.470547278014554,-11.802651704796727,-9.73812468702726,-17.88809355033688,-14.282059062267283,-10.70730002029225,-10.39646625187795,-8.276697051367123,-14.623179363803118,-11.868107834331527,-10.344930493717325,-8.6198711321751,-8.57096588320484
7,-2.0323008981207225,0.13577296016688956,1.8965279379538311,3.1493494011562917,-4.3588584330932285,-3.521254534186978,-4.469905563861462,-5.585139287462881,-1.4486322409355066,-0.8321824219813145,-1.7855184023445605,-2.373225545957614,-5.922197303417027,-5.303478815527256,-6.560772833858426,-7.431367861835679e-15,-6.0318539575879155,-2.94520551392501,-0.30756373071038307,-6.769693892406079,-6.786782765150078,-14.887670835962501,-14.890689784973711,-16.80045608577093,-11.115176684542782,-11.043285402905568,-11.344526776631554,-8.608337902701678,-9.196002111970316,-11.681338630030123,-8.393737676159498,-9.669959639269242,-8.158298118075189,-1.8443615888927454,-0.24730718447477723,-1.392576340136349,-0.4371425082703986,-10.540597837825526,-0.6554081918458161,-5.706348858871499,1.259645627985375,-2.82112839479939,1.1735324612936358,-2.5876357277633115,4.213207988400848,-1.363971118342401,4.650072255630275,-2.1695367245221004,4.721054380103351,0.8491586657238765,2.404858737854444,-8.122873431806722,2.267831044842638,-2.267831044842637,0.7077574492293357,-3.4227547826172833,-4.92761310160698,-6.222305147755805,-4.916868847128494,-4.046792369708042,1.0350355161834068,-3.918954681978067,4.684454876513627,-2.16798259085506,3.9989476018179646,-1.1262985520776068,8.17301200054211,-1.417778889335549,6.054678641034732,-0.36910915354390234,5.924473097064095,1.246745463379739,-3.607866559299205,-2.0636396390891987,-1.5403472330238095,3.328012169567333,-2.209389824972552,-0.0915159625007135,-1.0625504180474912,-2.790206010487144,-4.751504721865568,5.005313262649228,-3.629815746326139,-3.9219871006409663,-1.2921960339857117,-1.2918607416953705,-3.3759375161123835,0.8501315806402279,-2.644061812708762,5.422149903652073,-0.03386262580985388,4.804382604773311,1.0151666098768128,6.284663912543502,9.112105780104425,11.412951640133524,0.6677060179587722,3.5160458898855644,10.476037478530957,0.1708733863166113,-0.17087338631661134,-1.4375611405025912,-0.033245349426084606,-7.201029164783839,-9.032797381062851,-10.88744239951128,-15.102233147857644,2.020395652179977,0.7772235845414509,-1.0308432926170805,0.7044436353536793,-7.95387914593122,-4.917020991405623,-13.210655142014817,-10.214445966016733,8.725181622209563,7.9270934826814905,13.164221414870637,12.523628508231887,10.164861047113302,6.026599118565295,3.2955642094520075,-0.4073056084556061,0.22359508135612904,-12.435499928672014,-10.251873758419357,-4.909442682900313,4.776057714093589,7.27005628024049,9.930961664542904,6.390641064283864,4.589113362173683,1.8007129027589568,1.3905211916279716,-2.6941041698313506,-1.3312934914105523,-1.316224244842509,5.4638164810855026,13.472419024943644,4.722325594287346,2.4348247208078737,4.540967526080466,9.014773993096458,13.521719680274197,13.262665640586198,17.92680099575876,26.830696084520863,26.958707533032758,-6.581769701338405,-11.452461355602509,-11.148665798700456,-6.132612537492539,-2.3040289886876533,-2.795397910430704,5.888563549890265,6.649421514183234,7.485499675608167,6.899861703944968,12.323409186222884,12.026799339989697,17.899232479082038,21.9939521559005,24.13968195424777,-11.689320569073281,-15.099389948573906,-14.589478068533618,-15.105821045071913,-7.430354761521988,-0.4436366672637759,0.0,9.045558577711311,7.512070677974999,2.6411340617847987,9.41875242472869,0.9489016630936155,-2.126013479602081,-0.7861933314886468,6.050293836116266,11.770539285729075,14.763257183429834,8.80091147055913,-4.710477407246388,0.02876350818117902,0.28408878362719053,19.3497154195896,20.20003941488239,22.288740292102943,18.04156828933873,31.8660072775606,19.280554709822948,16.685015725322973,24.56657716652533,17.746417729153592,22.577629904046,-0.11045770706686174,9.558627591323654,11.494589865234113,13.521216747181116,9.197403053976872,0.110457707066861,10.948099759228773,11.908214958057515,10.771933333994227,11.42973370229091,0.14235682374393127,14.170306027820425,-3.1449367591090596,-1.1760585984961618,-0.017534325913209536,1.5044054047152522,11.551653159410646,9.112415278360606,6.729063834310629,-1.0948909212197424,8.737424059067294,10.639094539178148
8,-3.1063445672148875,0.2744212027824592,2.8319233644324946,0.07521883764917311,-1.9120574874736564,1.3957470846115871,2.0751924589921864,-3.7762467899932175,-0.1359958111060624,-1.8982184652918555,-0.9384247488852302,-1.304515521801488,-4.324800610232935,-3.9990498337907483,-1.228969978757705,1.80743792362692e-15,-4.141476503201753,-0.8265950846919269,7.5217729284869685,3.587736524704874,-2.2181145860936033,-3.5085697245121823,-6.349033215822629,-9.70447858754213,-8.318274882837674,-4.799024197751357,-2.6946222608634907,-4.801559168189885,-4.487004068979408,-5.87117502690212,-3.6248940648678016,-3.0823595517048714,-4.640639227718223,-11.852117896727087,-8.933604284914852,-7.992869589466028,-3.767536013123655,-4.5692025799762925,-7.220388344700225,-8.640450572538633,-10.747103259211078,-12.023205982386777,-8.469718110402516,-12.895683070593787,-0.8344966987555985,-5.199868593593141,0.2896632885649186,-0.08259817424178652,0.7006699108867782,1.8691661895921008,-1.347926021913358,0.4303486362459713,1.5207381307541277,-1.5207381307541314,-8.675240435806407,-10.486154032431411,-14.45985018176048,-15.014415675058222,-15.447090341396626,-16.391051254142216,-16.849225368029852,-16.727768885872337,-12.07536288387359,-13.722450920743437,-6.530568396349008,-7.384466578891857,10.048216732802624,7.8224374138385215,-2.2576926772086403,-5.523016092698465,-9.995021007965763,-9.702842639018076,-13.956693432804183,-11.464533941841026,-14.840200043450489,-3.957662789336737,-4.392799614673452,-1.1322805772954403,-1.2231697583103078,-16.95388645151812,-16.78433123105361,-11.839548193914464,-14.45973380051133,-9.744507933587693,-10.299746980484398,-0.2855770622516869,-4.241091623004419,-4.473595800051235,-8.789876635753496,-6.695666975212069,-9.055979369733578,-5.489539608016122,-6.276610087313893,4.425513959430949,6.297145892443629,9.34598139263525,2.4788215838035392,5.651938206776505,7.477168973480355,-0.10960836308254018,0.10960836308254018,3.6346984232046418,5.3343198155115354,-16.964459056449446,-16.9621041180669,-15.569490595437724,-17.985410080306444,-9.26693435596987,-8.752028019602315,-5.184889506930619,-5.4499341352944395,-16.463296639925943,-16.970836702996365,-18.411903524302183,-17.61086944653592,3.217808762815902,-0.12364433429305943,3.2012137540981582,5.392643554818526,10.666256194611664,15.501671735350715,16.856506126982516,19.327873390037805,19.41736469407774,-16.467333894849858,-16.924215307437763,-13.78006615486284,1.6863035744416266,1.5302590306083639,4.294158556822967,10.296518818970767,14.738937648816204,21.276055623648787,22.781264431486612,23.17246784383685,20.746115499194683,-12.062864328200645,-9.567320369369554,-5.168757649819257,-8.593217159083462,-10.450935630474751,-9.303113279479357,-4.651463453459149,0.4797780652709072,4.887121218619552,8.31660424876587,10.679384313920668,10.493342535807415,-16.844940694554946,-18.81757418352006,-19.66108741925282,-17.48731774435854,-13.797382447707028,-9.514379208776317,-6.617397166443784,-5.243601023347728,-4.837244244764778,-0.9275986617138277,3.661999620900998,7.037547056848921,9.464692460784137,8.44306378065193,8.433127184234733,-15.696172568645693,-18.705677352325385,-18.892231588390022,-17.170284885660895,-11.873671992019581,-4.51024982234585,0.0,-0.9126804453686588,4.6795308389913455,-5.710416903785544,-9.806608662828298,-13.50845257658324,-18.844402801920722,-22.968715886258668,-21.50009456305928,-17.582960150221915,-12.446984379816975,-9.410619591817014,-13.781039927955371,-18.411667203188653,-20.123345206724213,-28.90582890146214,-32.22181357095667,-28.712322460139227,-29.209727708777137,-33.155035634128716,-28.788724418391652,-32.668052754805096,-28.947040060941802,-29.48268438815443,-34.43454945640268,-0.05766257518509721,-30.237751015656944,-31.219119755421566,-28.844893325590682,-26.946203448465113,0.057662575185097695,-30.500807978786774,-31.171724636605628,-29.21272931990337,-26.81217384189081,-37.345911828402336,-36.14214609655985,-40.532621714112054,-37.48146193174732,-37.488383443942496,-38.21335827882122,-34.31779553542591,-37.8343006659043,-35.26866373312249,-35.76949012624656,-36.98514116344934,-34.55939035643965
9,3.9982570789726526,-3.4753154099063717,-0.5229416690662765,-5.214153985369299,4.136051213696666,-3.1061622229198527,-5.962594883646401,-12.588781387195167,-3.4871062078640787,-8.06012216882059,0.05901153902099677,-10.100177044691273,-2.011290398759579,-7.036736060509241,-1.2600705468376887,4.312214436269064e-15,3.1364328415681206,2.877581535678199,-2.0176557157305925,-0.05830739980087439,2.2990861971047134,-17.66498297710817,-9.709792689688067,-4.51073397258366,-12.861549096456306,-22.814934780290322,-12.841858455523338,-1.3156250327206687,-1.5502783585553634,-3.1539814801884085,-3.790940646550402,-3.356790167853502,-3.5747321126956786,14.277461898284926,43.03598940607504,41.39824446493806,4.714794659564157,7.215110734985248,34.57235246300565,33.14171279699469,37.8641240909483,36.45574187687846,33.156393045469,36.45901398618261,29.331739982400453,31.319305772545544,27.013691581644544,29.568129188718164,26.170602468058156,27.85778471596768,27.84901013836925,27.435471370822178,3.238179587725531,-3.2381795877255315,13.12558731786983,16.66474123062359,24.67988597357028,20.648061145246164,29.77878644650883,23.739197887368803,29.615075324223454,26.85629117483913,30.241286135756482,28.168481210290782,30.63959847463993,28.034392209367414,32.886243241103955,27.901642049214303,29.847080018878025,30.40928155528901,-1.880390921020611,-2.3823562017175934,3.900907300858997,3.9775798063439356,15.443799804931183,41.728740331650215,37.40564365849007,31.753892716677733,30.13196344035475,33.72081007730905,27.86128412528218,43.6554815149246,40.830364957027925,41.02889242879055,37.74613329505674,31.77363294550111,31.559516697160635,12.73888560443147,12.39365218999189,19.263153289796605,13.244014095006316,23.59176731965217,18.738370019064252,-6.764536040028364,-4.616465231270635,-6.336735956937933,-7.409468994515513,-6.404035088105575,-6.558617046410369,0.22838503761787765,-0.22838503761787765,-2.3274800012011228,2.6895773675141212,-2.9391780888941423,-3.3887788969970507,-0.41332207504687574,1.372066322003248,5.684538406664107,9.542121756937426,10.12630024468287,11.558833606546294,2.820691010716708,-0.01935769298333651,8.32392659133856,3.6980565947145676,-2.2551324787714013,2.456570128008357,4.779775354102591,0.49011404071894504,-3.3614569065315147,-5.57518274749856,-6.624920899642495,-5.019431342188962,-9.805578230588381,-7.780197623134304,-2.404274163229851,-2.5894250871393547,-4.752289910968279,-0.4007089317405086,0.14745868235715856,-2.6376044710841637,-7.968254453385813,-11.968972410284318,-14.237102597099176,-12.860989270245724,-14.460682575032473,-0.993608185257959,4.7144104931318465,2.0168960183237563,-14.259311569185584,-13.322246437144651,-10.096011282692846,-8.579808576363487,-9.963279204862893,-10.147691316509812,-12.392428787171362,-16.9614619249355,-17.934509139021763,-7.152563881510538,-9.002835361332691,-7.092018402328164,-7.11321947864959,-11.709734459757142,-14.22664936283597,-15.133631227237752,-11.113237792167887,-6.3732456248632126,-3.3964016777631425,-5.949329277246413,-9.392667084732834,-13.387661502956144,-16.035133815034577,-18.7058535148699,-12.736325111622941,-9.065516843019344,-4.154166266666624,-2.312235504367053,-4.865899425537799,-9.336306681221261,0.0,0.587696121794736,-6.428300212537131,-60.15234970077906,-50.84495134780637,-34.37506814770066,-2.509714065013191,0.04086094185232134,-1.625297945935455,1.0383853846980673,-1.383348181241015,-10.48285592766428,-54.14468932980491,-49.16720772517808,-39.37349707189514,-7.806526355249074,14.831938349184147,11.729976086925562,10.537469129808157,13.3342094847103,-7.84958067342401,14.634026341304372,11.62005316241792,10.511355444173804,13.453311218021756,0.32012430481621373,11.637927555629329,8.563811556725865,3.1039228932670953,1.8394882612700996,-0.32012430481621384,11.667882329218294,8.3038691172213,3.075382870511665,1.7977768514446781,3.4658077236944207,3.889863859767764,-16.91298284132945,7.012600709638198,7.316536045394692,3.246592874411371,2.473885689820563,-18.521942027401398,3.6776645208649885,5.531900735698039,1.3536280805524663,2.4074834725496324
