,"gene","target","PID","alnLength","mismatchCount","gapOpenCount","queryStart","queryEnd","subjectStart","subjectEnd","eVal","bitScore","gene_length","COV","BBH"
21,"SCO0086","SYNPCC7942_RS07970",32.646,291,170,7,4,284,7,281,2.76E-30,112,312,0.932692307692308,"<=>"
104,"SCO0163","SYNPCC7942_RS00750",28.266,467,311,7,17,467,28,486,2.44E-39,146,508,0.919291338582677,"<=>"
131,"SCO0184","SYNPCC7942_RS06005",35.976,492,291,9,3,482,6,485,5.37E-99,307,604,0.814569536423841,"<=>"
136,"SCO0186","SYNPCC7942_RS08770",25.202,496,296,22,31,483,30,493,6.88E-07,47.8,523,0.948374760994264,"<=>"
142,"SCO0189","SYNPCC7942_RS07730",23.636,495,321,19,37,492,3,479,4.62E-06,45.1,522,0.948275862068966,"<=>"
155,"SCO0194","SYNPCC7942_RS10165",36.257,171,101,3,23,189,22,188,4.76E-27,98.6,202,0.846534653465347,"<=>"
279,"SCO0304","SYNPCC7942_RS12925",28.125,128,75,5,1,120,1,119,4.28E-05,37,122,1.04918032786885,"<=>"
375,"SCO0333","SYNPCC7942_RS00995",30.544,478,278,19,61,501,26,486,1.09E-41,152,503,0.950298210735586,"<=>"
471,"SCO0392","SYNPCC7942_RS00285",47.912,407,201,5,4,405,5,405,7.7E-128,372,416,0.978365384615385,"<=>"
472,"SCO0393","SYNPCC7942_RS00310",35.472,265,154,6,1,256,1,257,7.77E-51,164,269,0.985130111524164,"<=>"
485,"SCO0400","SYNPCC7942_RS00290",41.279,172,98,3,9,177,10,181,4.77E-35,118,183,0.939890710382513,"<=>"
494,"SCO0419","anL16",41.441,333,181,6,1,328,1,324,4.29E-62,197,329,1.01215805471125,"<=>"
553,"SCO0470","SYNPCC7942_RS01370",33.333,267,139,11,48,285,22,278,5.94E-21,87,302,0.884105960264901,"<=>"
818,"SCO0549","SYNPCC7942_RS02725",37.037,81,46,2,7,85,3,80,5.31E-12,52.8,92,0.880434782608696,"<=>"
846,"SCO0560","SYNPCC7942_RS08445",57.634,727,286,6,20,739,8,719,0,840,740,0.982432432432432,"<=>"
886,"SCO0617","SYNPCC7942_RS10545",61.381,782,295,4,36,813,16,794,0,978,817,0.957160342717258,"<=>"
889,"SCO0619","SYNPCC7942_RS04810",35.16,219,129,4,31,237,29,246,1.08E-12,62.4,247,0.88663967611336,"<=>"
892,"SCO0621","SYNPCC7942_RS04815",36.313,179,101,6,2,177,12,180,1.5E-27,99.4,194,0.922680412371134,"<=>"
900,"SCO0628","SYNPCC7942_RS00220",28.247,616,294,23,6,503,35,620,1.28E-35,137,532,1.15789473684211,"<=>"
990,"SCO0648","SYNPCC7942_RS05605",24.752,202,139,4,23,220,17,209,1.08E-10,55.8,231,0.874458874458875,"<=>"
1016,"SCO0674","SYNPCC7942_RS07165",32.329,365,215,10,5,340,6,367,4.76E-61,199,450,0.811111111111111,"<=>"
1202,"SCO0741","SYNPCC7942_RS02340",37.568,370,214,9,6,362,4,369,1.04E-65,209,362,1.02209944751381,"<=>"
1248,"SCO0749","SYNPCC7942_RS10645",42.69,342,173,6,1,321,1,340,8.45E-85,256,324,1.05555555555556,"<=>"
1358,"SCO0771","SYNPCC7942_RS05335",63.448,145,50,1,2,143,3,147,5.66E-59,176,145,1,"<=>"
1379,"SCO0801","SYNPCC7942_RS06995",28.188,447,273,19,30,463,2,413,3.12E-24,101,527,0.84819734345351,"<=>"
1611,"SCO0842","SYNPCC7942_RS00570",32.914,477,283,13,1,452,1,465,1E-69,226,458,1.04148471615721,"<=>"
1618,"SCO0852","SYNPCC7942_RS00090",39.011,182,109,2,2,182,4,184,1.78E-33,115,210,0.866666666666667,"<=>"
1630,"SCO0870","SYNPCC7942_RS06930",47.857,140,70,1,9,145,6,145,1.88E-42,134,149,0.939597315436242,"<=>"
1740,"SCO0907","SYNPCC7942_RS09420",28.269,283,191,6,9,286,5,280,6.96E-21,86.7,296,0.956081081081081,"<=>"
1765,"SCO0922","SYNPCC7942_RS07835",57.202,243,103,1,1,242,6,248,4.17E-102,293,248,0.979838709677419,"<=>"
1766,"SCO0923","SYNPCC7942_RS03290",62.107,636,238,2,13,648,2,634,0,796,649,0.979969183359014,"<=>"
1769,"SCO0925","SYNPCC7942_RS06365",35.254,295,182,5,1,289,1,292,2.74E-37,131,294,1.00340136054422,"<=>"
1808,"SCO0948","SYNPCC7942_RS08670",30.058,855,497,20,214,1004,191,1008,1.93E-101,338,1007,0.849056603773585,"<=>"
1809,"SCO0950","SYNPCC7942_RS02405",41.434,251,147,0,56,306,26,276,7.69E-67,207,306,0.820261437908497,"<=>"
1813,"SCO0951","SYNPCC7942_RS02675",46.619,281,140,5,29,303,9,285,2.07E-71,219,310,0.906451612903226,"<=>"
1816,"SCO0952","SYNPCC7942_RS12280",32.378,349,223,7,40,381,28,370,1.24E-48,167,430,0.811627906976744,"<=>"
1817,"SCO0954","SYNPCC7942_RS01175",40.625,160,94,1,2,160,5,164,1.68E-40,130,160,1,"<=>"
1821,"SCO0961","SYNPCC7942_RS03095",31.151,443,242,12,7,406,3,425,1.82E-62,204,406,1.09113300492611,"<=>"
1851,"SCO0975","SYNPCC7942_RS00195",52.35,468,218,5,6,470,5,470,1.11E-178,506,479,0.977035490605428,"<=>"
1991,"SCO1050","SYNPCC7942_RS11035",32.727,165,106,3,30,192,7,168,1.08E-21,84,200,0.825,"<=>"
2044,"SCO1073","SYNPCC7942_RS02580",33.616,354,198,12,16,357,3,331,1.15E-28,112,422,0.838862559241706,"<=>"
2053,"SCO1085","SYNPCC7942_RS06110",27.727,220,131,8,1,205,28,234,5.49E-10,54.3,242,0.909090909090909,"<=>"
2054,"SCO1086","SYNPCC7942_RS03615",46.073,191,89,5,18,199,6,191,2.98E-48,153,199,0.959798994974874,"<=>"
2056,"SCO1092","SYNPCC7942_RS03275",30.579,121,73,4,9,118,6,126,7.82E-06,39.3,130,0.930769230769231,"<=>"
2069,"SCO1103","SYNPCC7942_RS12730",29.851,201,125,6,4,196,7,199,7.71E-17,72.8,229,0.877729257641921,"<=>"
2071,"SCO1106","SYNPCC7942_RS05895",27.189,217,117,7,16,215,18,210,3.89E-14,65.1,218,0.995412844036697,"<=>"
2106,"SCO1141","SYNPCC7942_RS00385",28,125,74,5,22,133,19,140,4.02E-06,40.4,140,0.892857142857143,"<=>"
2108,"SCO1144","SYNPCC7942_RS10690",38.023,526,316,7,67,591,64,580,1.6E-108,335,600,0.876666666666667,"<=>"
2250,"SCO1167","SYNPCC7942_RS04505",34.744,898,521,19,35,885,129,1008,2.35E-138,434,890,1.00898876404494,"<=>"
2290,"SCO1243","SYNPCC7942_RS00140",39.155,355,200,6,25,372,40,385,3.56E-55,182,375,0.946666666666667,"<=>"
2294,"SCO1245","SYNPCC7942_RS00160",37.825,423,233,9,18,421,6,417,6.61E-81,252,428,0.988317757009346,"<=>"
2420,"SCO1315","SYNPCC7942_RS09950",49.045,157,78,1,14,170,11,165,2.31E-43,139,178,0.882022471910112,"<=>"
2423,"SCO1316","SYNPCC7942_RS00050",39.247,186,105,3,16,196,22,204,3.65E-32,112,211,0.881516587677725,"<=>"
2445,"SCO1344","SYNPCC7942_RS04245",29.47,509,319,14,23,508,20,511,6.75E-52,181,530,0.960377358490566,"<=>"
2451,"SCO1346","SYNPCC7942_RS03505",44.534,247,124,4,7,250,9,245,1.01E-54,173,253,0.976284584980237,"<=>"
2524,"SCO1371","SYNPCC7942_RS08160",45.076,264,135,6,6,267,8,263,1.91E-53,171,269,0.981412639405204,"<=>"
2526,"SCO1378","SYNPCC7942_RS10385",58.867,953,376,7,17,961,8,952,0,1048,961,0.991675338189386,"<=>"
2528,"SCO1382","SYNPCC7942_RS05495",42.675,157,84,3,1,152,1,156,1.79E-34,115,157,1,"<=>"
2530,"SCO1388","SYNPCC7942_RS02530",35.399,839,528,7,1,828,1,836,0,545,831,1.00962695547533,"<=>"
2575,"SCO1428","anL52",24.189,339,236,8,49,381,26,349,1.53E-09,55.1,391,0.867007672634271,"<=>"
2580,"SCO1436","SYNPCC7942_RS13220",34.292,452,269,11,9,443,31,471,5.91E-61,202,443,1.02031602708804,"<=>"
2586,"SCO1443","SYNPCC7942_RS08285",47.317,205,99,5,1,199,1,202,4.32E-50,158,200,1.025,"<=>"
2587,"SCO1445","SYNPCC7942_RS12320",29.545,264,146,11,4,234,3,259,8.56E-18,77.8,255,1.03529411764706,"<=>"
2598,"SCO1464","SYNPCC7942_RS03100",48.815,211,106,1,5,213,8,218,5.53E-68,205,228,0.925438596491228,"<=>"
2603,"SCO1472","SYNPCC7942_RS04945",32.12,467,286,10,17,474,3,447,2.41E-50,174,475,0.983157894736842,"<=>"
2604,"SCO1473","SYNPCC7942_RS10695",37.963,324,180,5,1,305,1,322,1.41E-54,177,310,1.04516129032258,"<=>"
2608,"SCO1476","SYNPCC7942_RS12520",57.108,415,159,5,1,400,1,411,7.4E-163,460,402,1.03233830845771,"<=>"
2609,"SCO1477","SYNPCC7942_RS01490",41.25,400,221,9,32,422,11,405,1.14E-88,271,427,0.936768149882904,"<=>"
2610,"SCO1479","SYNPCC7942_RS06100",53.892,167,77,0,18,184,5,171,8.22E-57,174,197,0.847715736040609,"<=>"
2612,"SCO1482","SYNPCC7942_RS01475",46.407,334,168,4,35,362,45,373,8.06E-89,269,368,0.907608695652174,"<=>"
2613,"SCO1483","SYNPCC7942_RS03645",54.61,1128,442,13,1,1093,1,1093,0,1170,1102,1.02359346642468,"<=>"
2616,"SCO1484","SYNPCC7942_RS10760",49.086,383,174,4,8,379,14,386,3.08E-118,345,380,1.00789473684211,"<=>"
2621,"SCO1487","SYNPCC7942_RS03430",45.373,335,157,6,2,316,6,334,2.07E-91,273,326,1.02760736196319,"<=>"
2623,"SCO1488","SYNPCC7942_RS06745",54.658,161,72,1,22,182,16,175,6.45E-50,156,193,0.83419689119171,"<=>"
2626,"SCO1491","SYNPCC7942_RS13035",55.135,185,82,1,1,185,1,184,8.25E-71,209,188,0.984042553191489,"<=>"
2629,"SCO1494","SYNPCC7942_RS02670",38.679,318,189,4,35,347,35,351,1.13E-64,206,363,0.87603305785124,"<=>"
2630,"SCO1495","SYNPCC7942_RS04605",34.568,162,105,1,6,166,12,173,5.51E-25,92,171,0.947368421052632,"<=>"
2632,"SCO1496","SYNPCC7942_RS01075",37.602,367,200,10,4,366,9,350,5.02E-55,182,394,0.931472081218274,"<=>"
2633,"SCO1498","SYNPCC7942_RS12540",34.643,280,156,10,9,270,9,279,5.21E-31,113,279,1.00358422939068,"<=>"
2634,"SCO1500","SYNPCC7942_RS12185",35.821,134,85,1,20,153,7,139,4.11E-22,83.6,167,0.802395209580838,"<=>"
2635,"SCO1501","SYNPCC7942_RS04515",43.052,878,476,12,5,880,10,865,0,628,890,0.986516853932584,"<=>"
2637,"SCO1505","SYNPCC7942_RS07600",42,200,108,3,7,204,7,200,4.61E-42,137,204,0.980392156862745,"<=>"
2641,"SCO1508","SYNPCC7942_RS11500",41.587,416,238,4,6,419,1,413,5.08E-104,312,425,0.978823529411765,"<=>"
2648,"SCO1513","SYNPCC7942_RS07045",41.927,737,386,12,127,843,45,759,0,572,847,0.87012987012987,"<=>"
2656,"SCO1518","SYNPCC7942_RS04320",54.848,330,147,1,20,349,36,363,6.15E-120,348,357,0.92436974789916,"<=>"
2657,"SCO1519","SYNPCC7942_RS11680",32.474,194,120,4,1,184,1,193,8.7E-23,87.8,201,0.965174129353234,"<=>"
2659,"SCO1521","SYNPCC7942_RS05230",42.688,253,140,5,1,250,1,251,7.57E-59,184,250,1.012,"<=>"
2680,"SCO1531","SYNPCC7942_RS13275",44.034,595,299,9,51,631,2,576,1.43E-166,486,658,0.904255319148936,"<=>"
2697,"SCO1546","SYNPCC7942_RS06825",33.475,236,149,6,17,248,17,248,3.82E-27,102,273,0.864468864468864,"<=>"
2714,"SCO1555","SYNPCC7942_RS09385",28.333,360,228,14,15,360,23,366,1.56E-20,89,408,0.882352941176471,"<=>"
2772,"SCO1570","SYNPCC7942_RS12575",41.575,457,264,3,11,466,10,464,4.72E-115,343,475,0.962105263157895,"<=>"
2774,"SCO1577","SYNPCC7942_RS04850",43.229,384,192,9,7,369,20,398,1.13E-88,271,402,0.955223880597015,"<=>"
2777,"SCO1578","SYNPCC7942_RS07645",45.775,284,145,3,18,299,13,289,3.08E-81,244,306,0.928104575163399,"<=>"
2778,"SCO1579","SYNPCC7942_RS09615",37.871,404,227,6,3,383,13,415,1.07E-61,200,383,1.05483028720627,"<=>"
2779,"SCO1580","SYNPCC7942_RS07330",40.688,349,187,8,7,342,11,352,1.23E-67,213,342,1.02046783625731,"<=>"
2791,"SCO1594","SYNPCC7942_RS06615",34.322,877,472,27,1,840,1,810,6.89E-116,368,840,1.04404761904762,"<=>"
2792,"SCO1595","SYNPCC7942_RS10470",45.014,351,164,5,5,354,11,333,2.76E-98,291,358,0.980446927374302,"<=>"
2806,"SCO1597","SYNPCC7942_RS06140",30.451,266,176,5,8,273,2,258,2.2E-27,103,282,0.943262411347518,"<=>"
2810,"SCO1598","SYNPCC7942_RS06540",50.862,116,57,0,1,116,1,116,3.76E-28,96.3,127,0.913385826771654,"<=>"
2811,"SCO1599","SYNPCC7942_RS06545",41.935,62,36,0,1,62,1,62,3.75E-12,52,64,0.96875,"<=>"
2884,"SCO1631","SYNPCC7942_RS06770",32.937,926,494,20,46,917,34,886,5.33E-129,409,950,0.974736842105263,"<=>"
2885,"SCO1632","SYNPCC7942_RS08060",30.451,266,160,6,3,264,26,270,9.95E-27,102,316,0.841772151898734,"<=>"
2921,"SCO1656","SYNPCC7942_RS06905",34.737,190,117,4,19,203,3,190,3.1E-23,90.5,233,0.815450643776824,"<=>"
2926,"SCO1657","SYNPCC7942_RS07020",49.706,1189,538,16,27,1169,16,1190,0,1068,1170,1.01623931623932,"<=>"
2932,"SCO1667","SYNPCC7942_RS07015",27.027,333,215,9,14,334,57,373,2.81E-30,115,334,0.997005988023952,"<=>"
2933,"SCO1670","SYNPCC7942_RS00135",36.789,299,160,14,5,290,8,290,1.56E-31,117,328,0.911585365853659,"<=>"
2949,"SCO1704","SYNPCC7942_RS05260",30.824,279,162,8,27,288,26,290,1.5E-11,60.5,324,0.861111111111111,"<=>"
3145,"SCO1758","SYNPCC7942_RS11890",43.596,445,237,8,52,487,2,441,3.37E-113,338,492,0.904471544715447,"<=>"
3158,"SCO1762","SYNPCC7942_RS09720",42.241,116,66,1,3,117,5,120,3.34E-24,86.7,120,0.966666666666667,"<=>"
3172,"SCO1773","SYNPCC7942_RS08945",50,358,177,2,1,358,1,356,4.33E-113,330,371,0.964959568733154,"<=>"
3175,"SCO1776","SYNPCC7942_RS09920",55.493,537,229,6,8,543,2,529,0,593,549,0.978142076502732,"<=>"
3179,"SCO1780","SYNPCC7942_RS09040",31.359,574,373,6,1,570,5,561,2.58E-76,249,572,1.0034965034965,"<=>"
3181,"SCO1781","SYNPCC7942_RS09465",34.202,307,178,9,5,299,2,296,1.17E-41,142,301,1.01993355481728,"<=>"
3183,"SCO1782","SYNPCC7942_RS01625",49.6,250,117,3,4,250,1,244,3.1E-69,211,271,0.922509225092251,"<=>"
3229,"SCO1792","SYNPCC7942_RS03425",37.566,189,99,6,14,201,14,184,2.11E-27,100,213,0.887323943661972,"<=>"
3230,"SCO1795","SYNPCC7942_RS11190",47.973,148,66,4,1,144,1,141,1.62E-41,133,168,0.880952380952381,"<=>"
3305,"SCO1804","SYNPCC7942_RS11930",32.849,344,199,13,27,358,31,354,6.37E-33,122,358,0.960893854748603,"<=>"
3359,"SCO1814","SYNPCC7942_RS00640",33.333,255,164,4,5,254,4,257,1.5E-38,132,255,1,"<=>"
3364,"SCO1816","SYNPCC7942_RS09510",28.378,444,265,17,31,460,21,425,1.23E-24,102,507,0.875739644970414,"<=>"
3367,"SCO1818","SYNPCC7942_RS13060",27.506,389,255,8,28,415,36,398,8.74E-29,113,422,0.921800947867299,"<=>"
3368,"SCO1821","SYNPCC7942_RS06565",37.71,297,172,5,13,305,3,290,6.26E-52,171,341,0.870967741935484,"<=>"
3457,"SCO1847","SYNPCC7942_RS07370",34.824,313,177,7,16,309,17,321,7.85E-37,131,327,0.957186544342508,"<=>"
3458,"SCO1848","SYNPCC7942_RS01070",42.626,495,255,6,5,481,4,487,9.34E-118,352,502,0.98605577689243,"<=>"
3460,"SCO1849","SYNPCC7942_RS00495",39.667,1263,672,23,4,1214,28,1252,0,885,1217,1.03779786359901,"<=>"
3465,"SCO1851","SYNPCC7942_RS04920",39.779,181,101,4,20,199,42,215,2.16E-40,133,199,0.909547738693467,"<=>"
3469,"SCO1852","SYNPCC7942_RS09410",39.588,485,246,8,13,486,3,451,5.89E-109,327,486,0.997942386831276,"<=>"
3471,"SCO1853","SYNPCC7942_RS09400",29.461,241,156,6,1,236,1,232,8.72E-25,94.7,243,0.991769547325103,"<=>"
3473,"SCO1855","SYNPCC7942_RS06300",37.218,266,164,3,7,271,8,271,1.19E-52,169,281,0.94661921708185,"<=>"
3480,"SCO1857","SYNPCC7942_RS09405",31.676,543,327,13,6,526,46,566,2.96E-65,219,583,0.93138936535163,"<=>"
3486,"SCO1859","SYNPCC7942_RS05685",33.138,341,201,14,6,329,22,352,1.82E-29,112,339,1.00589970501475,"<=>"
3539,"SCO1920","SYNPCC7942_RS09080",37.324,142,80,4,2,140,5,140,1.1E-26,95.1,156,0.91025641025641,"<=>"
3540,"SCO1921","SYNPCC7942_RS08845",51.716,408,190,3,13,418,13,415,2.65E-151,432,418,0.976076555023923,"<=>"
3545,"SCO1922","SYNPCC7942_RS08835",56.911,246,97,5,4,245,10,250,2.19E-89,262,254,0.968503937007874,"<=>"
3589,"SCO1924","SYNPCC7942_RS08840",27.363,402,248,10,15,381,33,425,5.28E-32,122,394,1.02030456852792,"<=>"
3591,"SCO1925","SYNPCC7942_RS08830",41.88,468,259,6,18,473,13,479,2.1E-140,408,473,0.989429175475687,"<=>"
3593,"SCO1926","SYNPCC7942_RS08820",29.808,208,139,5,18,223,8,210,2.3E-18,77.4,252,0.825396825396825,"<=>"
3642,"SCO1934","SYNPCC7942_RS13245",44.983,289,153,2,49,336,17,300,2.41E-70,218,340,0.85,"<=>"
3649,"SCO1939","SYNPCC7942_RS02690",32.812,256,142,8,5,248,22,259,5.74E-28,104,261,0.980842911877395,"<=>"
3651,"SCO1945","SYNPCC7942_RS06460",46.457,254,123,5,4,257,2,242,1.95E-70,213,258,0.984496124031008,"<=>"
3652,"SCO1946","SYNPCC7942_RS05720",50.49,408,185,7,2,403,4,400,1.48E-126,367,403,1.01240694789082,"<=>"
3653,"SCO1947","SYNPCC7942_RS08865",57.879,330,136,3,1,328,1,329,3.9E-129,369,336,0.982142857142857,"<=>"
3657,"SCO1953","SYNPCC7942_RS09870",37.335,683,361,12,1,675,10,633,2.11E-135,410,728,0.938186813186813,"<=>"
3659,"SCO1957","SYNPCC7942_RS00585",30.075,266,167,7,2,250,8,271,1.52E-18,80.9,302,0.880794701986755,"<=>"
3661,"SCO1958","SYNPCC7942_RS04380",56.263,974,391,7,3,944,26,996,0,1073,1014,0.960552268244576,"<=>"
3683,"SCO1961","SYNPCC7942_RS04705",51.825,137,65,1,10,146,4,139,4.67E-43,136,157,0.872611464968153,"<=>"
3686,"SCO1966","SYNPCC7942_RS02865",54.95,697,275,4,11,703,1,662,0,780,712,0.978932584269663,"<=>"
3691,"SCO1970","SYNPCC7942_RS02910",30.216,139,77,5,15,144,15,142,1.56E-07,44.3,147,0.945578231292517,"<=>"
3702,"SCO1996","SYNPCC7942_RS01390",43.503,177,93,3,3,175,13,186,2.32E-34,117,200,0.885,"<=>"
3714,"SCO2003","SYNPCC7942_RS00985",35.419,991,526,25,1,905,1,963,2.02E-152,470,907,1.09261300992282,"<=>"
3716,"SCO2008","SYNPCC7942_RS09440",25.899,417,264,12,8,396,1,400,5.6E-24,99.4,418,0.997607655502392,"<=>"
3719,"SCO2009","SYNPCC7942_RS12660",32.523,329,176,10,6,309,5,312,8.3E-33,119,310,1.06129032258065,"<=>"
3726,"SCO2011","SYNPCC7942_RS12650",47.809,251,129,2,20,268,2,252,3.06E-63,197,309,0.812297734627832,"<=>"
3769,"SCO2012","SYNPCC7942_RS12645",51.502,233,113,0,4,236,5,237,7.09E-82,241,238,0.978991596638655,"<=>"
3850,"SCO2026","SYNPCC7942_RS04585",45.254,1538,754,25,3,1482,10,1517,0,1254,1514,1.01585204755614,"<=>"
3854,"SCO2036","SYNPCC7942_RS02095",40.909,264,150,2,8,270,4,262,5.79E-63,195,271,0.974169741697417,"<=>"
3855,"SCO2037","SYNPCC7942_RS10880",58.481,395,159,1,12,401,22,416,6.3E-165,467,427,0.925058548009368,"<=>"
3858,"SCO2039","SYNPCC7942_RS06130",45.022,231,119,5,38,263,67,294,6.67E-45,149,269,0.858736059479554,"<=>"
3859,"SCO2043","SYNPCC7942_RS05145",43.75,512,251,11,8,494,5,504,1.72E-114,344,502,1.0199203187251,"<=>"
3864,"SCO2048","SYNPCC7942_RS10580",57.312,253,104,2,3,251,2,254,7.49E-91,265,251,1.00796812749004,"<=>"
3866,"SCO2049","SYNPCC7942_RS12240",40.323,124,74,0,7,130,4,127,5.31E-29,99.4,134,0.925373134328358,"<=>"
3867,"SCO2050","SYNPCC7942_RS09280",45.378,238,127,3,4,238,1,238,1.15E-52,167,240,0.991666666666667,"<=>"
3869,"SCO2051","SYNPCC7942_RS07570",39.623,212,109,6,15,219,6,205,4.81E-42,138,222,0.954954954954955,"<=>"
3870,"SCO2052","SYNPCC7942_RS00635",47.716,197,98,2,3,197,16,209,6.07E-60,183,197,1,"<=>"
3871,"SCO2053","SYNPCC7942_RS05290",33.424,368,211,14,10,357,5,358,1.07E-42,149,369,0.997289972899729,"<=>"
3875,"SCO2054","SYNPCC7942_RS07765",41.5,400,226,5,36,432,34,428,3.96E-100,302,441,0.90702947845805,"<=>"
3876,"SCO2057","SYNPCC7942_RS04545",30.396,227,117,7,1,222,6,196,1.56E-18,77.8,246,0.922764227642276,"<=>"
3928,"SCO2071","SYNPCC7942_RS04195",29.735,491,305,13,26,511,42,497,6.57E-41,151,528,0.929924242424242,"<=>"
3930,"SCO2073","SYNPCC7942_RS05700",36.424,302,178,7,19,312,15,310,3.06E-50,166,314,0.961783439490446,"<=>"
3933,"SCO2076","SYNPCC7942_RS12380",29.765,850,504,29,12,812,21,826,1.01E-88,302,1047,0.811843361986628,"<=>"
3937,"SCO2078","SYNPCC7942_RS02430",30.233,86,48,4,1,84,6,81,5.13E-05,35.4,94,0.914893617021277,"<=>"
3939,"SCO2080","SYNPCC7942_RS10450",36.893,206,122,4,33,235,19,219,2.74E-31,111,239,0.861924686192469,"<=>"
3941,"SCO2082","SYNPCC7942_RS12085",59.821,336,128,2,8,343,37,365,4.44E-115,338,399,0.842105263157895,"<=>"
3942,"SCO2084","SYNPCC7942_RS11755",35.849,318,182,9,3,315,8,308,2.49E-40,142,364,0.873626373626374,"<=>"
3943,"SCO2085","SYNPCC7942_RS01650",31.152,382,234,7,42,413,16,378,1.04E-34,130,456,0.837719298245614,"<=>"
3946,"SCO2086","SYNPCC7942_RS08500",32.582,488,271,14,8,466,2,460,4.67E-36,135,471,1.03609341825902,"<=>"
3949,"SCO2087","SYNPCC7942_RS00770",36.364,341,167,11,10,341,55,354,4.96E-43,149,363,0.939393939393939,"<=>"
3951,"SCO2088","SYNPCC7942_RS09340",34.404,436,246,12,34,455,35,444,2.81E-53,182,471,0.925690021231422,"<=>"
3953,"SCO2089","SYNPCC7942_RS07585",44.792,480,246,12,35,505,26,495,4.46E-99,304,506,0.948616600790514,"<=>"
3961,"SCO2092","SYNPCC7942_RS05005",40.789,304,153,4,2,305,16,292,1.71E-66,207,310,0.980645161290322,"<=>"
3962,"SCO2093","anL45",38.71,186,89,4,5,167,2,185,7.7E-36,119,167,1.11377245508982,"<=>"
3963,"SCO2094","SYNPCC7942_RS09530",48.805,293,150,0,12,304,16,308,6.93E-89,266,337,0.869436201780415,"<=>"
3978,"SCO2107","SYNPCC7942_RS12230",36.693,387,216,11,19,400,4,366,7.2E-54,179,401,0.965087281795511,"<=>"
3980,"SCO2108","SYNPCC7942_RS05425",37.879,66,41,0,1,66,5,70,7.06E-10,46.2,66,1,"<=>"
3981,"SCO2109","SYNPCC7942_RS02935",52.273,264,118,3,4,259,10,273,8.77E-81,241,264,1,"<=>"
3992,"SCO2118","SYNPCC7942_RS06885",44.207,328,182,1,1,327,1,328,1.74E-91,273,331,0.990936555891238,"<=>"
4018,"SCO2128","SYNPCC7942_RS06450",31.122,392,256,9,35,414,1,390,1.11E-44,156,424,0.924528301886792,"<=>"
4077,"SCO2151","SYNPCC7942_RS13265",36.318,201,120,3,5,205,3,195,8.72E-36,121,206,0.975728155339806,"<=>"
4086,"SCO2161","SYNPCC7942_RS04675",38.136,118,70,2,3,118,1,117,5.05E-17,67.8,118,1,"<=>"
4087,"SCO2162","SYNPCC7942_RS07410",33.333,360,184,16,38,393,11,318,1.87E-38,137,394,0.913705583756345,"<=>"
4088,"SCO2164","SYNPCC7942_RS09485",28.545,1065,690,26,4,1016,9,1054,2.43E-86,298,1041,1.02305475504323,"<=>"
4106,"SCO2168","SYNPCC7942_RS04110",32.895,228,139,2,2,229,10,223,1.95E-20,84,259,0.88030888030888,"<=>"
4118,"SCO2180","SYNPCC7942_RS06135",33.902,469,279,15,33,474,7,471,1.94E-67,220,486,0.965020576131687,"<=>"
4134,"SCO2190","SYNPCC7942_RS12585",36.577,298,183,3,76,369,2,297,2.37E-56,182,369,0.807588075880759,"<=>"
4137,"SCO2193","SYNPCC7942_RS11955",34.749,259,116,6,13,265,11,222,1.98E-38,131,265,0.977358490566038,"<=>"
4138,"SCO2194","SYNPCC7942_RS02760",41.577,279,155,3,26,301,4,277,2.28E-76,232,317,0.8801261829653,"<=>"
4140,"SCO2198","SYNPCC7942_RS10955",55.485,474,205,3,1,469,1,473,0,562,469,1.01066098081023,"<=>"
4183,"SCO2235","SYNPCC7942_RS06185",38.75,80,48,1,3,81,4,83,1.02E-12,54.7,87,0.919540229885058,"<=>"
4184,"SCO2236","SYNPCC7942_RS06180",53.012,83,39,0,2,84,3,85,1.38E-33,107,84,0.988095238095238,"<=>"
4185,"SCO2238","SYNPCC7942_RS00535",37.377,610,317,11,28,609,1,573,6.99E-112,343,613,0.99510603588907,"<=>"
4188,"SCO2241","SYNPCC7942_RS11670",35.747,442,260,10,14,450,10,432,5.78E-70,225,453,0.975717439293598,"<=>"
4198,"SCO2256","SYNPCC7942_RS12100",49.412,255,127,2,30,283,3,256,1.34E-74,226,291,0.876288659793814,"<=>"
4250,"SCO2267","SYNPCC7942_RS09425",39.32,206,121,3,3,207,4,206,5.06E-43,141,215,0.958139534883721,"<=>"
4251,"SCO2274","SYNPCC7942_RS13080",40.086,232,123,6,16,243,7,226,3.27E-37,129,280,0.828571428571429,"<=>"
4391,"SCO2318","SYNPCC7942_RS05065",27.907,430,226,18,22,431,1,366,2.43E-15,73.9,498,0.863453815261044,"<=>"
4485,"SCO2328","SYNPCC7942_RS02205",30.837,227,134,5,7,213,1,224,5.01E-26,97.4,218,1.04128440366972,"<=>"
4494,"SCO2338","SYNPCC7942_RS12710",30.102,196,130,2,13,205,14,205,1.85E-20,82.4,223,0.878923766816143,"<=>"
4500,"SCO2347","SYNPCC7942_RS10090",29.442,197,118,5,12,188,20,215,6.22E-09,50.1,193,1.02072538860104,"<=>"
4511,"SCO2369","SYNPCC7942_RS09855",42.105,152,86,1,1,152,1,150,2.28E-27,96.3,152,1,"<=>"
4616,"SCO2421","SYNPCC7942_RS01925",27.632,228,159,2,18,242,25,249,2.54E-22,89.4,254,0.89763779527559,"<=>"
4726,"SCO2464","SYNPCC7942_RS00405",37.222,540,323,8,106,634,57,591,1.8E-109,338,642,0.841121495327103,"<=>"
4770,"SCO2465","SYNPCC7942_RS03325",50.625,320,130,4,96,395,72,383,2.35E-98,295,396,0.808080808080808,"<=>"
4824,"SCO2494","SYNPCC7942_RS04050",24.012,962,512,38,14,898,18,837,2E-21,96.3,909,1.05830583058306,"<=>"
4826,"SCO2497","SYNPCC7942_RS01440",33.811,349,197,10,9,357,12,326,8.76E-37,133,406,0.859605911330049,"<=>"
4837,"SCO2505","SYNPCC7942_RS06730",30.952,336,203,11,11,328,13,337,1.78E-30,114,328,1.02439024390244,"<=>"
4885,"SCO2507","SYNPCC7942_RS13075",33.468,248,165,0,1,248,5,252,5.24E-37,129,300,0.826666666666667,"<=>"
4889,"SCO2508","SYNPCC7942_RS09160",32.203,118,77,2,11,128,26,140,1.67E-13,60.1,139,0.848920863309353,"<=>"
4892,"SCO2509","SYNPCC7942_RS01345",44.726,237,130,1,25,260,12,248,6.44E-69,210,277,0.855595667870036,"<=>"
4918,"SCO2532","SYNPCC7942_RS09020",47.692,325,158,5,16,337,3,318,3.87E-101,298,359,0.905292479108635,"<=>"
4925,"SCO2539","SYNPCC7942_RS00810",39.216,306,168,6,19,320,15,306,8.69E-60,190,320,0.95625,"<=>"
4933,"SCO2548","SYNPCC7942_RS07115",50,112,55,1,7,117,3,114,4.7E-34,110,117,0.957264957264957,"<=>"
4935,"SCO2552","SYNPCC7942_RS04170",28.326,233,154,4,11,240,10,232,8.43E-18,76.3,249,0.93574297188755,"<=>"
4936,"SCO2554","SYNPCC7942_RS10515",41.053,380,206,5,1,368,1,374,1.55E-85,261,378,1.00529100529101,"<=>"
4947,"SCO2555","SYNPCC7942_RS03160",32.676,355,211,9,2,336,6,352,1.33E-44,152,338,1.05029585798817,"<=>"
4948,"SCO2559","SYNPCC7942_RS12105",37.255,357,204,8,54,402,5,349,1.13E-64,209,435,0.820689655172414,"<=>"
4950,"SCO2561","SYNPCC7942_RS04725",32.119,604,366,11,71,644,59,648,1.32E-80,264,647,0.933539412673879,"<=>"
4953,"SCO2562","SYNPCC7942_RS02440",57.479,595,250,2,19,612,9,601,0,699,622,0.956591639871383,"<=>"
4960,"SCO2563","SYNPCC7942_RS07770",45.455,88,41,2,1,81,1,88,5.55E-13,55.8,88,1,"<=>"
4962,"SCO2571","SYNPCC7942_RS09745",40.379,951,441,20,29,966,26,863,0,622,966,0.984472049689441,"<=>"
4974,"SCO2579","SYNPCC7942_RS00540",25.51,196,129,8,48,237,3,187,1.98E-06,43.5,238,0.823529411764706,"<=>"
4975,"SCO2585","SYNPCC7942_RS11510",40,400,233,2,27,426,22,414,1.18E-85,265,428,0.934579439252336,"<=>"
4977,"SCO2587","SYNPCC7942_RS11160",43.443,366,201,4,11,371,2,366,6.43E-91,274,374,0.978609625668449,"<=>"
4998,"SCO2596","SYNPCC7942_RS06250",68.675,83,25,1,1,82,1,83,7.37E-35,110,84,0.988095238095238,"<=>"
4999,"SCO2597","SYNPCC7942_RS06245",32.075,106,70,2,2,106,3,107,6.01E-05,35.8,106,1,"<=>"
5006,"SCO2607","SYNPCC7942_RS05660",35.363,427,211,12,18,397,11,419,6.99E-65,209,398,1.07286432160804,"<=>"
5008,"SCO2608","SYNPCC7942_RS02950",28.999,669,369,22,6,662,10,584,1.45E-56,200,769,0.869960988296489,"<=>"
5014,"SCO2611","SYNPCC7942_RS01530",62.315,337,124,3,8,342,9,344,8.91E-146,412,343,0.982507288629738,"<=>"
5019,"SCO2612","SYNPCC7942_RS12670",46.565,131,69,1,3,133,4,133,3.25E-41,131,137,0.956204379562044,"<=>"
5020,"SCO2614","SYNPCC7942_RS04855",28.684,380,247,6,11,388,8,365,8.23E-39,141,444,0.855855855855856,"<=>"
5021,"SCO2615","SYNPCC7942_RS03010",45.624,914,431,19,13,871,5,907,0,757,874,1.04576659038902,"<=>"
5026,"SCO2617","SYNPCC7942_RS12825",59.361,438,139,6,11,414,8,440,0,508,428,1.02336448598131,"<=>"
5033,"SCO2618","SYNPCC7942_RS12820",50,216,103,2,19,230,15,229,5.36E-73,219,236,0.915254237288135,"<=>"
5040,"SCO2619","SYNPCC7942_RS12885",42.932,191,89,4,43,213,32,222,6.17E-41,135,219,0.872146118721461,"<=>"
5046,"SCO2633","SYNPCC7942_RS04145",41.885,191,92,5,4,186,3,182,6.01E-41,135,213,0.896713615023474,"<=>"
5050,"SCO2640","SYNPCC7942_RS09375",48.387,341,152,5,2,332,15,341,4.55E-95,283,340,1.00294117647059,"<=>"
5140,"SCO2677","SYNPCC7942_RS07070",38.391,547,327,4,1,539,6,550,2.14E-106,329,547,1,"<=>"
5228,"SCO2688","SYNPCC7942_RS01030",40,370,193,7,1,367,9,352,3.36E-74,231,381,0.971128608923884,"<=>"
5308,"SCO2731","SYNPCC7942_RS08020",44.98,767,372,13,21,760,2,745,0,556,760,1.00921052631579,"<=>"
5318,"SCO2736","SYNPCC7942_RS03140",38.734,395,222,8,38,429,2,379,1.44E-85,263,429,0.920745920745921,"<=>"
5498,"SCO2772","SYNPCC7942_RS10085",28.115,313,158,12,34,321,27,297,2.88E-12,62.8,326,0.960122699386503,"<=>"
5506,"SCO2782","SYNPCC7942_RS11740",34.375,416,249,8,56,464,65,463,4.8E-54,185,480,0.866666666666667,"<=>"
5675,"SCO2894","SYNPCC7942_RS00905",43.333,300,167,2,55,354,29,325,5.35E-75,231,354,0.847457627118644,"<=>"
5721,"SCO2895","SYNPCC7942_RS04155",24.632,272,181,8,34,295,3,260,2.68E-07,47,295,0.922033898305085,"<=>"
5728,"SCO2901","SYNPCC7942_RS09175",47.682,151,79,0,5,155,3,153,2.76E-46,145,155,0.974193548387097,"<=>"
5734,"SCO2902","SYNPCC7942_RS06485",47.739,199,93,4,1,198,1,189,1.33E-48,154,200,0.995,"<=>"
5735,"SCO2904","SYNPCC7942_RS05505",51.883,239,107,3,3,239,5,237,1.01E-79,236,245,0.975510204081633,"<=>"
5739,"SCO2910","anL49",39.865,296,166,4,10,295,12,305,1.65E-59,190,316,0.936708860759494,"<=>"
5744,"SCO2911","SYNPCC7942_RS09050",51.648,91,43,1,1,90,1,91,1.03E-29,98.2,92,0.989130434782608,"<=>"
5748,"SCO2925","SYNPCC7942_RS01405",37.47,419,258,3,73,488,47,464,1.52E-86,271,488,0.858606557377049,"<=>"
5817,"SCO2949","SYNPCC7942_RS03670",33.875,431,262,4,14,441,3,413,5.81E-57,190,448,0.962053571428571,"<=>"
5838,"SCO2966","SYNPCC7942_RS09120",47.682,151,78,1,1,150,1,151,7.14E-47,146,159,0.949685534591195,"<=>"
5891,"SCO2972","SYNPCC7942_RS02060",43.646,362,203,1,1,361,1,362,3.77E-105,310,368,0.983695652173913,"<=>"
6000,"SCO3009","SYNPCC7942_RS11950",30.698,215,112,7,27,233,3,188,1.07E-22,89,254,0.846456692913386,"<=>"
6014,"SCO3013","SYNPCC7942_RS07435",46.552,232,114,3,2,224,1,231,1.18E-64,197,229,1.01310043668122,"<=>"
6038,"SCO3014","SYNPCC7942_RS10100",39.316,351,181,5,28,367,11,340,1.41E-71,224,380,0.923684210526316,"<=>"
6041,"SCO3023","SYNPCC7942_RS03170",41.649,461,217,5,10,470,11,419,8.68E-96,292,485,0.950515463917526,"<=>"
6066,"SCO3052","SYNPCC7942_RS05000",39.158,475,240,11,3,444,1,459,3.94E-97,296,447,1.06263982102908,"<=>"
6070,"SCO3060","SYNPCC7942_RS07305",37.666,377,222,8,33,405,12,379,2.76E-63,205,411,0.917274939172749,"<=>"
6172,"SCO3092","SYNPCC7942_RS00515",30.303,396,249,9,8,392,33,412,2.12E-46,162,446,0.887892376681614,"<=>"
6176,"SCO3096","SYNPCC7942_RS03280",66.667,411,136,1,7,417,12,421,0,551,426,0.964788732394366,"<=>"
6186,"SCO3109","SYNPCC7942_RS06780",38.208,1094,602,20,39,1112,38,1077,0,679,1184,0.923986486486486,"<=>"
6191,"SCO3111","SYNPCC7942_RS07235",49.099,222,106,3,26,243,14,232,1.68E-61,190,262,0.847328244274809,"<=>"
6237,"SCO3122","SYNPCC7942_RS01465",42.444,450,252,4,8,457,3,445,2.19E-115,343,482,0.933609958506224,"<=>"
6238,"SCO3123","SYNPCC7942_RS10710",46.965,313,161,4,11,321,21,330,1.36E-94,280,324,0.966049382716049,"<=>"
6239,"SCO3125","SYNPCC7942_RS01155",36.548,197,115,4,10,200,6,198,1.19E-36,123,200,0.985,"<=>"
6240,"SCO3127","SYNPCC7942_RS11450",35.348,976,529,20,27,911,43,1007,3.85E-167,510,911,1.07135016465423,"<=>"
6241,"SCO3128","SYNPCC7942_RS13015",32.082,293,169,7,24,308,2,272,1.33E-43,148,336,0.87202380952381,"<=>"
6246,"SCO3133","SYNPCC7942_RS05940",43.836,146,82,0,3,148,4,149,2.18E-34,115,165,0.884848484848485,"<=>"
6248,"SCO3137","SYNPCC7942_RS01630",50.307,326,143,6,6,317,7,327,1.18E-99,293,321,1.01557632398754,"<=>"
6335,"SCO3148","SYNPCC7942_RS01580",34.164,281,170,7,2,270,3,280,6.62E-38,133,299,0.939799331103679,"<=>"
6337,"SCO3149","SYNPCC7942_RS01585",33.835,266,156,6,26,278,2,260,6.28E-38,131,286,0.93006993006993,"<=>"
6339,"SCO3153","SYNPCC7942_RS00885",45.018,271,145,3,3,272,7,274,2.54E-66,205,286,0.947552447552448,"<=>"
6392,"SCO3171","SYNPCC7942_RS04015",26.642,274,158,10,44,296,27,278,1.2E-10,57.4,314,0.872611464968153,"<=>"
6399,"SCO3175","SYNPCC7942_RS04695",30.827,133,87,2,7,138,17,145,5.94E-14,62.4,161,0.826086956521739,"<=>"
6403,"SCO3181","SYNPCC7942_RS06585",34.314,408,224,13,22,420,28,400,3.23E-46,160,424,0.962264150943396,"<=>"
6409,"SCO3183","SYNPCC7942_RS06650",30.526,190,116,6,12,199,9,184,3.81E-05,39.3,204,0.931372549019608,"<=>"
6414,"SCO3188","SYNPCC7942_RS04750",43.58,257,130,4,6,256,3,250,1.1E-61,193,280,0.917857142857143,"<=>"
6415,"SCO3190","SYNPCC7942_RS10095",34.559,136,72,5,13,148,15,133,3.79E-14,62,156,0.871794871794872,"<=>"
6430,"SCO3212","SYNPCC7942_RS10765",46.181,288,152,2,37,321,56,343,7.51E-56,182,335,0.859701492537313,"<=>"
6607,"SCO3282","SYNPCC7942_RS09395",57.005,207,89,0,12,218,2,208,2.31E-79,233,218,0.94954128440367,"<=>"
6608,"SCO3283","SYNPCC7942_RS00110",52.479,242,111,3,3,243,4,242,3.58E-75,225,255,0.949019607843137,"<=>"
6611,"SCO3297","SYNPCC7942_RS13780",31.183,93,63,1,6,98,3,94,6.38E-08,43.5,112,0.830357142857143,"<=>"
6617,"SCO3304","SYNPCC7942_RS08055",41.876,597,320,11,2,586,3,584,4.04E-153,449,586,1.01877133105802,"<=>"
6622,"SCO3311","SYNPCC7942_RS09105",52.905,327,147,5,7,329,2,325,2.61E-111,323,330,0.990909090909091,"<=>"
6643,"SCO3333","SYNPCC7942_RS00420",45.116,215,112,3,3,215,6,216,1.22E-51,163,215,1,"<=>"
6649,"SCO3337","SYNPCC7942_RS10440",42.481,266,148,5,15,278,1,263,3.45E-59,186,284,0.936619718309859,"<=>"
6705,"SCO3345","SYNPCC7942_RS03210",68.226,620,188,4,1,616,1,615,0,849,617,1.00486223662885,"<=>"
6708,"SCO3351","SYNPCC7942_RS07430",44.516,465,234,6,8,450,2,464,8.71E-123,363,469,0.991471215351812,"<=>"
6753,"SCO3373","SYNPCC7942_RS01325",60.12,830,312,7,1,821,1,820,0,982,841,0.98692033293698,"<=>"
6758,"SCO3381","SYNPCC7942_RS04890",37.884,293,167,7,39,326,6,288,5.02E-48,159,329,0.890577507598784,"<=>"
6759,"SCO3382","SYNPCC7942_RS09540",43.113,559,272,17,10,547,6,539,2.4E-117,355,580,0.963793103448276,"<=>"
6784,"SCO3397","SYNPCC7942_RS04260",29.026,503,328,13,76,569,74,556,8.15E-35,135,601,0.8369384359401,"<=>"
6785,"SCO3398","SYNPCC7942_RS11705",47.212,269,134,2,19,284,11,274,1.93E-65,202,288,0.934027777777778,"<=>"
6786,"SCO3400","SYNPCC7942_RS00200",30.252,119,82,1,1,118,1,119,4.6E-13,57.8,119,1,"<=>"
6788,"SCO3403","SYNPCC7942_RS08155",58.659,179,70,3,22,198,29,205,6.45E-69,206,201,0.890547263681592,"<=>"
6789,"SCO3404","SYNPCC7942_RS01515",52.046,611,262,10,4,600,10,603,0,596,668,0.914670658682635,"<=>"
6797,"SCO3406","SYNPCC7942_RS05825",33.333,324,195,10,25,340,1,311,6.29E-29,110,352,0.920454545454545,"<=>"
6800,"SCO3409","SYNPCC7942_RS07080",47.097,155,81,1,4,158,16,169,1.06E-47,149,163,0.950920245398773,"<=>"
6856,"SCO3429","SYNPCC7942_RS00210",51.515,66,32,0,1,66,1,66,2.85E-18,68.2,78,0.846153846153846,"<=>"
6857,"SCO3430","SYNPCC7942_RS02280",50.495,101,49,1,1,101,1,100,1.73E-30,100,101,1,"<=>"
6935,"SCO3460","SYNPCC7942_RS05730",39.224,464,260,8,40,485,38,497,1.48E-90,283,505,0.918811881188119,"<=>"
7002,"SCO3543","SYNPCC7942_RS07245",49.432,880,378,17,13,873,3,834,0,769,952,0.92436974789916,"<=>"
7012,"SCO3563","SYNPCC7942_RS06910",55.963,654,274,6,1,641,1,653,0,730,651,1.00460829493088,"<=>"
7025,"SCO3569","SYNPCC7942_RS02285",49.02,204,103,1,2,204,10,213,3.92E-62,191,250,0.816,"<=>"
7028,"SCO3571","SYNPCC7942_RS06370",30.392,204,140,2,2,204,4,206,1.08E-18,78.2,224,0.910714285714286,"<=>"
7113,"SCO3618","SYNPCC7942_RS07005",52.406,187,88,1,9,195,12,197,3.04E-68,204,199,0.939698492462312,"<=>"
7124,"SCO3629","SYNPCC7942_RS12245",55.107,421,189,0,1,421,1,421,4.64E-167,473,427,0.985948477751756,"<=>"
7236,"SCO3661","SYNPCC7942_RS05590",54.407,851,377,7,4,848,8,853,0,933,865,0.983815028901734,"<=>"
7254,"SCO3671","SYNPCC7942_RS12545",60.443,632,224,6,1,608,1,630,0,736,618,1.02265372168285,"<=>"
7261,"SCO3677","SYNPCC7942_RS08810",28.082,146,94,5,13,153,12,151,1.13E-10,53.5,165,0.884848484848485,"<=>"
7262,"SCO3678","SYNPCC7942_RS03695",35.519,183,102,8,1,181,1,169,2.59E-25,93.2,191,0.958115183246073,"<=>"
7282,"SCO3698","SYNPCC7942_RS09835",31.742,356,219,5,19,363,10,352,7.4E-35,127,369,0.964769647696477,"<=>"
7288,"SCO3704","SYNPCC7942_RS07825",24.779,226,162,6,51,269,45,269,6.9E-11,57.4,269,0.840148698884758,"<=>"
7293,"SCO3705","SYNPCC7942_RS08600",36.585,246,144,5,38,272,25,269,1.1E-33,120,283,0.869257950530035,"<=>"
7349,"SCO3714","SYNPCC7942_RS09345",29.769,346,206,13,45,368,34,364,1.96E-36,134,407,0.85012285012285,"<=>"
7350,"SCO3716","SYNPCC7942_RS08515",37.198,207,108,6,10,215,4,189,5.03E-21,83.6,225,0.92,"<=>"
7351,"SCO3717","SYNPCC7942_RS08510",59.828,697,249,12,22,700,7,690,0,762,707,0.985855728429986,"<=>"
7356,"SCO3718","SYNPCC7942_RS08505",39.074,540,309,9,25,552,21,552,5.26E-98,305,554,0.974729241877256,"<=>"
7388,"SCO3741","SYNPCC7942_RS05195",46.774,248,118,5,15,248,9,256,1.28E-66,204,256,0.96875,"<=>"
7553,"SCO3792","SYNPCC7942_RS05845",41.729,532,290,8,14,537,5,524,2.07E-137,405,538,0.988847583643122,"<=>"
7566,"SCO3795","SYNPCC7942_RS06715",43.75,592,310,10,5,579,2,587,1.94E-163,476,587,1.00851788756388,"<=>"
7576,"SCO3807","SYNPCC7942_RS11980",36.1,241,143,5,32,262,35,274,2.15E-39,134,264,0.912878787878788,"<=>"
7658,"SCO3825","SYNPCC7942_RS06685",25,252,170,9,20,259,1,245,4.85E-10,55.1,282,0.893617021276596,"<=>"
7665,"SCO3830","SYNPCC7942_RS00725",43.144,299,161,5,11,306,6,298,7.33E-73,225,334,0.895209580838323,"<=>"
7693,"SCO3851","SYNPCC7942_RS02040",53.608,194,81,4,5,190,2,194,1.16E-63,192,212,0.915094339622642,"<=>"
7706,"SCO3873","SYNPCC7942_RS01295",47.381,859,410,7,12,838,6,854,0,757,857,1.00233372228705,"<=>"
7708,"SCO3874","SYNPCC7942_RS12640",52.705,647,283,10,33,675,5,632,0,603,686,0.943148688046647,"<=>"
7709,"SCO3876","SYNPCC7942_RS11435",36.08,352,214,4,1,349,1,344,2.78E-44,154,373,0.943699731903485,"<=>"
7717,"SCO3880","SYNPCC7942_RS08235",55.556,45,20,0,1,45,1,45,1.58E-11,48.9,45,1,"<=>"
7728,"SCO3889","SYNPCC7942_RS09285",49.505,101,51,0,8,108,7,107,1.42E-38,122,110,0.918181818181818,"<=>"
7740,"SCO3896","SYNPCC7942_RS04095",28.188,447,247,16,45,480,26,409,1.87E-26,107,483,0.925465838509317,"<=>"
7747,"SCO3906","SYNPCC7942_RS00060",34.409,93,61,0,3,95,5,97,2.66E-15,62.4,96,0.96875,"<=>"
7750,"SCO3909","SYNPCC7942_RS13005",39.597,149,86,4,1,147,5,151,7.69E-24,87.4,148,1.00675675675676,"<=>"
7752,"SCO3911","SYNPCC7942_RS06775",39.22,436,259,3,56,489,16,447,1.89E-123,365,491,0.887983706720978,"<=>"
7757,"SCO3917","SYNPCC7942_RS10725",21.306,291,193,7,6,272,3,281,6.87E-06,42.7,288,1.01041666666667,"<=>"
7764,"SCO3921","SYNPCC7942_RS02360",37.342,158,97,1,1,158,1,156,4.46E-29,101,164,0.963414634146341,"<=>"
7765,"SCO3922","SYNPCC7942_RS11070",40.496,121,63,2,3,123,2,113,8.56E-18,69.7,125,0.968,"<=>"
7775,"SCO3945","SYNPCC7942_RS08980",35.181,469,264,8,9,472,18,451,3.91E-77,246,501,0.936127744510978,"<=>"
7776,"SCO3946","SYNPCC7942_RS08975",29.738,343,208,7,3,328,8,334,3.88E-40,140,334,1.02694610778443,"<=>"
7970,"SCO3961","SYNPCC7942_RS02295",42.488,426,227,7,1,414,1,420,1.98E-109,325,425,1.00235294117647,"<=>"
7971,"SCO3962","SYNPCC7942_RS04540",32.5,280,178,4,6,279,14,288,3.31E-33,120,310,0.903225806451613,"<=>"
7972,"SCO3970","SYNPCC7942_RS00370",33.478,460,240,13,61,483,6,436,8.39E-56,189,491,0.936863543788187,"<=>"
8059,"SCO4041","SYNPCC7942_RS08725",40.187,214,121,5,3,211,4,215,8.21E-47,150,214,1,"<=>"
8060,"SCO4051","SYNPCC7942_RS09630",40.881,159,87,3,8,162,6,161,4.64E-32,109,165,0.963636363636364,"<=>"
8073,"SCO4068","SYNPCC7942_RS04760",49.524,420,198,3,1,409,1,417,2.15E-111,330,416,1.00961538461538,"<=>"
8075,"SCO4071","SYNPCC7942_RS04770",27.642,246,122,13,40,268,27,233,1.82E-07,47.4,299,0.822742474916388,"<=>"
8139,"SCO4077","SYNPCC7942_RS04230",35.714,84,51,1,6,89,8,88,2.3E-14,59.3,90,0.933333333333333,"<=>"
8140,"SCO4078","SYNPCC7942_RS04235",54.091,220,97,3,5,223,3,219,2.42E-79,234,226,0.973451327433628,"<=>"
8141,"SCO4079","SYNPCC7942_RS00015",46.459,706,332,11,26,696,18,712,0,575,752,0.938829787234042,"<=>"
8147,"SCO4086","SYNPCC7942_RS00020",53.236,479,206,5,41,512,23,490,2.42E-174,498,530,0.90377358490566,"<=>"
8149,"SCO4087","SYNPCC7942_RS04395",44.411,331,181,2,8,337,2,330,6.64E-83,252,355,0.932394366197183,"<=>"
8153,"SCO4098","SYNPCC7942_RS03610",49.751,201,98,2,1,199,12,211,7.65E-68,204,216,0.930555555555556,"<=>"
8158,"SCO4103","SYNPCC7942_RS01305",36.872,358,195,11,24,371,28,364,1.89E-63,206,423,0.846335697399527,"<=>"
8197,"SCO4139","SYNPCC7942_RS12405",56.42,257,106,3,5,258,11,264,1.79E-106,305,258,0.996124031007752,"<=>"
8256,"SCO4145","SYNPCC7942_RS08000",52.585,677,294,5,92,742,30,705,0,689,774,0.874677002583979,"<=>"
8307,"SCO4152","SYNPCC7942_RS03995",22.892,498,276,24,103,569,47,467,2.42E-05,43.1,612,0.813725490196078,"<=>"
8325,"SCO4156","SYNPCC7942_RS07185",47.391,230,116,1,16,245,2,226,4.02E-60,186,248,0.92741935483871,"<=>"
8362,"SCO4164","SYNPCC7942_RS08605",30.903,288,173,10,7,281,45,319,1.09E-29,110,281,1.02491103202847,"<=>"
8373,"SCO4180","SYNPCC7942_RS05070",34.074,135,83,3,7,136,9,142,1.95E-20,78.2,145,0.931034482758621,"<=>"
8380,"SCO4185","SYNPCC7942_RS00840",34.122,296,172,7,27,314,11,291,4.24E-39,137,336,0.880952380952381,"<=>"
8403,"SCO4228","SYNPCC7942_RS09700",27.57,214,152,3,2,214,13,224,2.23E-19,79.7,229,0.934497816593886,"<=>"
8442,"SCO4233","SYNPCC7942_RS03490",38.889,234,131,5,37,267,4,228,2.17E-40,136,270,0.866666666666667,"<=>"
8443,"SCO4234","SYNPCC7942_RS06000",40.127,157,88,3,16,168,5,159,9.09E-32,108,170,0.923529411764706,"<=>"
8444,"SCO4235","SYNPCC7942_RS08475",37.195,492,263,10,148,609,1,476,2.38E-98,305,613,0.802610114192496,"<=>"
8453,"SCO4240","SYNPCC7942_RS04935",46.489,413,159,8,1,374,1,390,4.45E-116,339,378,1.09259259259259,"<=>"
8569,"SCO4293","SYNPCC7942_RS09055",53.828,418,184,6,11,425,2,413,7.78E-156,444,428,0.976635514018692,"<=>"
8574,"SCO4296","SYNPCC7942_RS11760",60.367,545,211,3,1,541,1,544,0,624,541,1.00739371534196,"<=>"
8582,"SCO4307","SYNPCC7942_RS13120",47.26,292,154,0,17,308,11,302,8.6E-74,226,311,0.938906752411576,"<=>"
8589,"SCO4337","SYNPCC7942_RS04100",24.165,389,283,7,43,422,17,402,2.16E-15,73.9,459,0.847494553376906,"<=>"
8597,"SCO4359","SYNPCC7942_RS10915",43.131,313,169,4,6,311,4,314,1.18E-69,217,336,0.931547619047619,"<=>"
8643,"SCO4360","SYNPCC7942_RS10920",25.847,236,164,5,17,247,14,243,9.24E-10,54.3,280,0.842857142857143,"<=>"
8747,"SCO4403","SYNPCC7942_RS05175",46.953,279,146,2,20,297,7,284,3.73E-85,253,297,0.939393939393939,"<=>"
8801,"SCO4416","SYNPCC7942_RS04350",28.398,412,238,17,23,391,30,427,1.57E-19,86.3,401,1.02743142144638,"<=>"
8817,"SCO4444","SYNPCC7942_RS06220",46.835,158,80,1,36,193,14,167,5.04E-50,156,193,0.818652849740933,"<=>"
8827,"SCO4469","SYNPCC7942_RS03310",47.796,431,220,2,7,436,6,432,1.68E-135,393,438,0.984018264840183,"<=>"
8836,"SCO4473","SYNPCC7942_RS01645",26.033,242,149,6,3,231,20,244,5.74E-05,39.7,253,0.956521739130435,"<=>"
8864,"SCO4490","SYNPCC7942_RS13180",41.975,486,272,6,5,485,4,484,1.85E-125,371,485,1.0020618556701,"<=>"
8868,"SCO4492","SYNPCC7942_RS09685",44.498,209,108,3,1,209,7,207,2.85E-37,125,216,0.967592592592593,"<=>"
8903,"SCO4556","SYNPCC7942_RS05635",32.883,222,139,3,10,222,6,226,1.2E-29,107,231,0.961038961038961,"<=>"
8917,"SCO4565","SYNPCC7942_RS08870",38.35,412,220,5,37,440,9,394,4.82E-92,280,440,0.936363636363636,"<=>"
8926,"SCO4573","SYNPCC7942_RS10025",39.577,614,343,10,52,647,58,661,1.68E-116,359,654,0.938837920489297,"<=>"
8954,"SCO4583","SYNPCC7942_RS12000",36,325,194,4,15,334,6,321,5.05E-51,169,336,0.967261904761905,"<=>"
8956,"SCO4585","SYNPCC7942_RS00335",36.624,314,174,8,21,319,1,304,6.77E-45,152,327,0.960244648318043,"<=>"
9007,"SCO4602","SYNPCC7942_RS06865",39.557,316,163,5,29,319,52,364,1.7E-66,209,322,0.981366459627329,"<=>"
9010,"SCO4604","SYNPCC7942_RS06875",38.554,166,86,6,22,176,9,169,5.43E-18,74.7,197,0.842639593908629,"<=>"
9014,"SCO4606","SYNPCC7942_RS10600",28.741,588,322,16,84,656,87,592,2.4E-35,137,664,0.885542168674699,"<=>"
9021,"SCO4607","SYNPCC7942_RS03125",37.204,465,250,9,68,528,55,481,3.29E-73,238,534,0.870786516853933,"<=>"
9030,"SCO4608","SYNPCC7942_RS07240",33.846,455,275,9,29,480,15,446,1.37E-61,207,515,0.883495145631068,"<=>"
9036,"SCO4614","SYNPCC7942_RS04460",43.75,160,88,2,4,162,5,163,8.59E-40,129,162,0.987654320987654,"<=>"
9041,"SCO4634","SYNPCC7942_RS02890",26.142,394,241,14,36,391,42,423,9.56E-11,59.7,434,0.907834101382488,"<=>"
9042,"SCO4635","SYNPCC7942_RS13735",47.541,61,23,1,3,54,4,64,1.39E-13,55.1,54,1.12962962962963,"<=>"
9051,"SCO4643","SYNPCC7942_RS08855",26.257,358,187,11,30,380,8,295,1.57E-17,78.6,383,0.934725848563969,"<=>"
9053,"SCO4645","SYNPCC7942_RS12930",46.154,390,200,2,11,400,2,381,9.66E-119,347,408,0.955882352941176,"<=>"
9061,"SCO4648","SYNPCC7942_RS03255",68.613,137,43,0,6,142,3,139,8.96E-68,198,144,0.951388888888889,"<=>"
9062,"SCO4649","SYNPCC7942_RS03250",51.282,234,113,1,3,236,4,236,3.76E-79,234,241,0.970954356846473,"<=>"
9063,"SCO4652","SYNPCC7942_RS03245",34.132,167,100,3,10,170,12,174,7.08E-24,89,176,0.948863636363636,"<=>"
9064,"SCO4653","SYNPCC7942_RS03240",51.22,123,58,2,7,127,6,128,1.54E-22,82.4,127,0.968503937007874,"<=>"
9065,"SCO4654","SYNPCC7942_RS07780",55.497,1137,429,16,32,1156,12,1083,0,1210,1161,0.979328165374677,"<=>"
9074,"SCO4659","SYNPCC7942_RS04570",77.236,123,28,0,1,123,1,123,5.66E-69,199,123,1,"<=>"
9075,"SCO4660","SYNPCC7942_RS04565",51.923,156,75,0,1,156,1,156,2.57E-57,172,156,1,"<=>"
9076,"SCO4661","SYNPCC7942_RS04560",57.812,704,281,9,5,707,4,692,0,809,708,0.994350282485876,"<=>"
9085,"SCO4662","SYNPCC7942_RS04555",68.293,410,112,5,1,395,1,407,0,543,397,1.03274559193955,"<=>"
9154,"SCO4701","SYNPCC7942_RS04550",62.745,102,38,0,1,102,4,105,2.84E-48,145,102,1,"<=>"
9155,"SCO4702","SYNPCC7942_RS11335",50.49,204,100,1,7,210,4,206,1.43E-69,208,214,0.953271028037383,"<=>"
9156,"SCO4703","SYNPCC7942_RS11330",40.609,197,111,4,11,204,11,204,1.04E-41,137,219,0.899543378995434,"<=>"
9158,"SCO4705","SYNPCC7942_RS11320",57.196,271,112,4,1,268,1,270,1.55E-102,297,278,0.974820143884892,"<=>"
9159,"SCO4706","SYNPCC7942_RS11315",69.231,91,28,0,1,91,1,91,5.75E-46,139,93,0.978494623655914,"<=>"
9160,"SCO4707","SYNPCC7942_RS11310",54.867,113,50,1,9,121,5,116,1.84E-38,122,125,0.904,"<=>"
9162,"SCO4709","SYNPCC7942_RS11300",54.745,137,61,1,1,136,1,137,1.28E-52,159,139,0.985611510791367,"<=>"
9163,"SCO4710","SYNPCC7942_RS11295",42.857,63,36,0,3,65,2,64,1.86E-10,47.8,74,0.851351351351351,"<=>"
9165,"SCO4712","SYNPCC7942_RS11285",66.393,122,40,1,1,122,1,121,4.83E-55,164,122,1,"<=>"
9166,"SCO4713","SYNPCC7942_RS11280",53.333,105,44,3,3,107,13,112,7.36E-27,92.4,107,0.981308411214953,"<=>"
9167,"SCO4714","SYNPCC7942_RS11275",57.955,176,74,0,9,184,3,178,2.86E-76,223,185,0.951351351351351,"<=>"
9169,"SCO4716","SYNPCC7942_RS11270",53.383,133,61,1,1,132,1,133,1.88E-50,153,132,1.00757575757576,"<=>"
9170,"SCO4717","SYNPCC7942_RS11265",53.631,179,82,1,1,179,1,178,2.07E-58,177,179,1,"<=>"
9171,"SCO4718","SYNPCC7942_RS11260",62.745,102,30,2,31,127,22,120,1.4E-35,115,127,0.803149606299213,"<=>"
9173,"SCO4721","SYNPCC7942_RS11250",48.276,145,70,4,7,147,1,144,3.82E-31,105,151,0.960264900662252,"<=>"
9174,"SCO4722","SYNPCC7942_RS11245",39.863,439,243,7,5,437,15,438,2.23E-100,303,437,1.0045766590389,"<=>"
9175,"SCO4723","SYNPCC7942_RS11240",39.437,213,97,1,2,214,3,183,4.68E-52,162,217,0.981566820276498,"<=>"
9176,"SCO4724","SYNPCC7942_RS12430",42.353,255,139,3,2,256,26,272,5.06E-69,211,278,0.917266187050359,"<=>"
9178,"SCO4725","SYNPCC7942_RS12735",42.647,68,37,1,8,73,2,69,1.27E-14,58.5,73,0.931506849315068,"<=>"
9179,"SCO4726","SYNPCC7942_RS13815",78.378,37,8,0,1,37,1,37,8.91E-17,61.6,37,1,"<=>"
9180,"SCO4727","SYNPCC7942_RS11235",57.377,122,52,0,1,122,1,122,7.95E-42,131,126,0.968253968253968,"<=>"
9181,"SCO4728","SYNPCC7942_RS11230",73.333,120,32,0,15,134,11,130,3.32E-54,163,134,0.895522388059701,"<=>"
9182,"SCO4729","SYNPCC7942_RS11225",41.98,293,162,2,20,311,21,306,2.87E-74,228,340,0.861764705882353,"<=>"
9184,"SCO4731","SYNPCC7942_RS11215",34.127,252,156,5,11,260,15,258,9.37E-36,126,284,0.887323943661972,"<=>"
9185,"SCO4734","SYNPCC7942_RS11210",56.552,145,63,0,2,146,3,147,1.84E-60,180,147,0.986394557823129,"<=>"
9187,"SCO4736","SYNPCC7942_RS10815",45.595,454,233,5,4,451,26,471,1.68E-100,305,452,1.00442477876106,"<=>"
9195,"SCO4740","SYNPCC7942_RS02715",41.757,649,336,9,1,615,1,641,1.05E-156,461,615,1.05528455284553,"<=>"
9197,"SCO4742","SYNPCC7942_RS06520",30.67,463,256,14,2,427,9,443,7.97E-26,106,485,0.954639175257732,"<=>"
9198,"SCO4743","SYNPCC7942_RS10340",26.316,190,119,5,14,189,25,207,6.85E-12,58.9,201,0.945273631840796,"<=>"
9199,"SCO4745","SYNPCC7942_RS11185",36.598,388,213,8,15,389,26,393,3.16E-63,204,391,0.9923273657289,"<=>"
9207,"SCO4752","SYNPCC7942_RS06410",50,306,149,2,10,312,4,308,4.94E-91,274,374,0.818181818181818,"<=>"
9210,"SCO4761","SYNPCC7942_RS11765",51.087,92,44,1,10,100,11,102,7.66E-30,99.4,102,0.901960784313726,"<=>"
9211,"SCO4762","SYNPCC7942_RS03510",61.682,535,197,5,1,531,1,531,0,629,541,0.988909426987061,"<=>"
9242,"SCO4771","SYNPCC7942_RS09290",50.136,369,182,2,3,370,2,369,1.53E-128,371,374,0.986631016042781,"<=>"
9267,"SCO4785","SYNPCC7942_RS00960",52.652,528,235,5,7,526,14,534,0,569,526,1.00380228136882,"<=>"
9282,"SCO4797","SYNPCC7942_RS11020",39.634,820,413,16,66,831,2,793,3.16E-177,526,831,0.98676293622142,"<=>"
9292,"SCO4813","SYNPCC7942_RS04925",33.898,177,111,2,15,191,22,192,1.3E-28,103,215,0.823255813953488,"<=>"
9295,"SCO4814","SYNPCC7942_RS02020",47.885,520,253,11,13,523,3,513,7.86E-149,433,523,0.994263862332696,"<=>"
9306,"SCO4824","SYNPCC7942_RS04030",44.406,286,155,3,1,284,1,284,3.8E-77,233,284,1.00704225352113,"<=>"
9359,"SCO4839","SYNPCC7942_RS06690",47.892,332,167,3,7,334,3,332,1.44E-103,304,339,0.979351032448378,"<=>"
9476,"SCO4906","SYNPCC7942_RS09495",22.824,517,314,20,27,513,21,482,2.81E-20,90.1,535,0.966355140186916,"<=>"
9534,"SCO4923","SYNPCC7942_RS01060",52.571,175,82,1,8,182,14,187,2.17E-47,151,206,0.849514563106796,"<=>"
9538,"SCO4930","SYNPCC7942_RS03060",30.8,250,162,5,20,261,24,270,6.55E-25,96.7,266,0.93984962406015,"<=>"
9619,"SCO4958","SYNPCC7942_RS01885",36.215,428,223,7,8,385,1,428,2.21E-66,213,386,1.10880829015544,"<=>"
9695,"SCO5028","SYNPCC7942_RS12800",37.832,452,243,14,12,436,2,442,9.54E-79,248,441,1.0249433106576,"<=>"
9763,"SCO5042","SYNPCC7942_RS05170",48.026,456,226,2,5,454,8,458,3.62E-141,409,461,0.989154013015184,"<=>"
9766,"SCO5047","SYNPCC7942_RS02565",42.274,343,172,5,18,335,2,343,6.97E-83,251,343,1,"<=>"
9775,"SCO5056","SYNPCC7942_RS01875",29.708,377,262,2,26,402,66,439,3.28E-37,137,402,0.937810945273632,"<=>"
9776,"SCO5058","SYNPCC7942_RS00360",28.487,337,181,11,12,289,57,392,8.55E-23,94.4,338,0.997041420118343,"<=>"
9778,"SCO5061","SYNPCC7942_RS02820",53.297,364,164,5,3,362,2,363,1.74E-128,369,362,1.00552486187845,"<=>"
9829,"SCO5111","SYNPCC7942_RS07795",49.346,612,283,5,7,618,5,589,0,579,635,0.963779527559055,"<=>"
10091,"SCO5136","SYNPCC7942_RS09115",28.989,376,221,11,20,363,25,386,1.07E-32,122,365,1.03013698630137,"<=>"
10107,"SCO5152","SYNPCC7942_RS05665",39.335,361,193,7,3,357,4,344,5.51E-77,238,377,0.957559681697613,"<=>"
10112,"SCO5159","SYNPCC7942_RS10310",29.483,329,186,11,13,307,3,319,0.000406,38.5,407,0.808353808353808,"<=>"
10113,"SCO5161","SYNPCC7942_RS07920",40.161,249,137,6,3,249,29,267,6.52E-45,150,285,0.873684210526316,"<=>"
10115,"SCO5162","SYNPCC7942_RS10560",31.343,201,124,2,14,200,13,213,4.52E-21,83.6,201,1,"<=>"
10128,"SCO5172","SYNPCC7942_RS12360",27.645,293,176,13,44,318,27,301,8.6E-08,49.3,358,0.818435754189944,"<=>"
10139,"SCO5178","SYNPCC7942_RS00800",52.174,391,172,6,10,392,8,391,1.99E-129,374,392,0.997448979591837,"<=>"
10170,"SCO5204","SYNPCC7942_RS09060",30.307,815,467,22,118,879,161,927,1.85E-106,350,1000,0.815,"<=>"
10171,"SCO5206","SYNPCC7942_RS08405",36.842,133,82,2,6,138,13,143,1.82E-18,73.2,138,0.963768115942029,"<=>"
10207,"SCO5236","SYNPCC7942_RS05655",37.603,242,147,1,1,242,1,238,4.23E-39,133,261,0.927203065134099,"<=>"
10230,"SCO5252","SYNPCC7942_RS09235",26.667,195,116,4,2,194,18,187,2.72E-21,83.2,194,1.00515463917526,"<=>"
10290,"SCO5261","SYNPCC7942_RS06635",58.505,388,154,4,23,408,81,463,1.68E-144,416,409,0.948655256723716,"<=>"
10409,"SCO5353","SYNPCC7942_RS01335",42.247,445,232,8,29,461,25,456,8.4E-109,327,463,0.961123110151188,"<=>"
10411,"SCO5354","SYNPCC7942_RS10595",42.494,433,233,6,6,426,3,431,8.4E-106,317,429,1.00932400932401,"<=>"
10412,"SCO5355","SYNPCC7942_RS13305",62.006,329,121,2,3,329,16,342,1.99E-145,412,352,0.934659090909091,"<=>"
10416,"SCO5356","SYNPCC7942_RS07365",39.024,287,168,5,11,293,3,286,6.61E-47,156,309,0.928802588996764,"<=>"
10419,"SCO5359","SYNPCC7942_RS11200",43.243,74,39,2,2,74,3,74,4.88E-14,57.4,74,1,"<=>"
10420,"SCO5360","SYNPCC7942_RS11195",43.526,363,187,4,1,356,6,357,1.24E-111,326,358,1.01396648044693,"<=>"
10424,"SCO5362","SYNPCC7942_RS11940",25.339,221,138,7,1,197,1,218,1.23E-09,52.8,215,1.02790697674419,"<=>"
10430,"SCO5369","SYNPCC7942_RS01700",29.412,153,97,2,26,173,25,171,4.42E-06,41.2,184,0.831521739130435,"<=>"
10433,"SCO5371","SYNPCC7942_RS01710",55.992,509,215,2,4,512,2,501,0,580,529,0.962192816635161,"<=>"
10435,"SCO5372","SYNPCC7942_RS01715",34.906,318,178,6,3,296,2,314,2.98E-50,165,305,1.04262295081967,"<=>"
10436,"SCO5373","SYNPCC7942_RS11770",63.103,477,161,5,1,467,1,472,0,560,478,0.997907949790795,"<=>"
10647,"SCO5424","SYNPCC7942_RS10540",36.761,389,231,9,5,390,2,378,1.13E-71,226,407,0.955773955773956,"<=>"
10648,"SCO5426","SYNPCC7942_RS03035",43.155,336,169,9,2,329,5,326,2.8E-71,222,341,0.98533724340176,"<=>"
10695,"SCO5440","SYNPCC7942_RS05570",46.122,722,338,12,72,755,19,727,0,630,774,0.9328165374677,"<=>"
10916,"SCO5455","SYNPCC7942_RS09435",32.456,228,128,7,18,222,9,233,1.51E-21,85.9,224,1.01785714285714,"<=>"
10940,"SCO5470","SYNPCC7942_RS01435",56.659,413,169,4,12,419,13,420,4.33E-163,462,420,0.983333333333333,"<=>"
10941,"SCO5471","SYNPCC7942_RS10380",42.149,121,67,2,4,122,6,125,8.72E-32,105,125,0.968,"<=>"
10942,"SCO5472","SYNPCC7942_RS11730",43.432,373,194,6,3,369,6,367,1.16E-89,271,372,1.00268817204301,"<=>"
11042,"SCO5486","SYNPCC7942_RS09790",40,390,219,8,3,388,4,382,3.6E-66,211,389,1.0025706940874,"<=>"
11048,"SCO5488","SYNPCC7942_RS07715",38.251,366,207,8,12,372,3,354,2.05E-65,208,376,0.973404255319149,"<=>"
11053,"SCO5494","SYNPCC7942_RS01410",40.282,710,368,12,22,722,15,677,1.13E-162,482,735,0.965986394557823,"<=>"
11071,"SCO5498","SYNPCC7942_RS11805",47.368,95,50,0,3,97,2,96,2.39E-23,82.4,98,0.969387755102041,"<=>"
11072,"SCO5499","SYNPCC7942_RS10735",55.202,471,204,5,11,481,6,469,8.92E-171,486,497,0.947686116700201,"<=>"
11073,"SCO5501","SYNPCC7942_RS00590",44.057,488,262,5,17,499,11,492,8.81E-140,408,504,0.968253968253968,"<=>"
11075,"SCO5508","SYNPCC7942_RS09100",30.151,398,228,15,72,431,13,398,5.46E-32,122,447,0.890380313199105,"<=>"
11099,"SCO5512","SYNPCC7942_RS00705",51.115,583,260,8,23,598,10,574,0,568,613,0.951060358890702,"<=>"
11100,"SCO5513","SYNPCC7942_RS12365",46.746,169,89,1,3,171,2,169,2.1E-50,156,174,0.971264367816092,"<=>"
11101,"SCO5514","SYNPCC7942_RS07915",63.72,328,119,0,1,328,1,328,1.45E-156,438,332,0.987951807228916,"<=>"
11102,"SCO5515","SYNPCC7942_RS07670",40.866,531,304,7,5,528,2,529,3.37E-130,386,529,1.00378071833648,"<=>"
11106,"SCO5522","SYNPCC7942_RS07690",39.886,351,194,10,1,338,1,347,4.35E-58,188,347,1.01152737752161,"<=>"
11109,"SCO5523","SYNPCC7942_RS05285",32.817,323,182,12,47,362,8,302,2.22E-35,127,362,0.892265193370166,"<=>"
11111,"SCO5527","SYNPCC7942_RS12205",32.07,343,214,10,4,337,38,370,1.1E-44,153,339,1.0117994100295,"<=>"
11113,"SCO5529","SYNPCC7942_RS02185",48.077,520,259,4,13,524,11,527,1.7E-166,479,534,0.973782771535581,"<=>"
11121,"SCO5547","SYNPCC7942_RS12160",37.195,492,282,11,9,490,3,477,7.26E-96,295,494,0.995951417004048,"<=>"
11127,"SCO5553","SYNPCC7942_RS09625",54.831,445,199,2,4,447,5,448,8.58E-174,493,476,0.934873949579832,"<=>"
11129,"SCO5554","SYNPCC7942_RS12945",37.173,191,117,2,8,195,9,199,4.39E-29,103,197,0.969543147208122,"<=>"
11134,"SCO5559","SYNPCC7942_RS12805",38.095,336,176,4,1,334,1,306,8.63E-60,191,336,1,"<=>"
11135,"SCO5560","SYNPCC7942_RS12070",41.734,369,183,8,22,384,5,347,8.14E-78,240,389,0.948586118251928,"<=>"
11136,"SCO5562","SYNPCC7942_RS13045",32.292,288,169,9,4,278,5,279,1.09E-24,98.6,322,0.894409937888199,"<=>"
11138,"SCO5563","SYNPCC7942_RS12090",45.174,259,140,1,11,267,4,262,5.96E-52,167,269,0.962825278810409,"<=>"
11140,"SCO5566","SYNPCC7942_RS05535",40.138,725,378,13,13,729,129,805,4.5E-145,441,742,0.977088948787062,"<=>"
11144,"SCO5567","SYNPCC7942_RS07565",40.805,174,89,7,9,178,6,169,1.01E-24,92,195,0.892307692307692,"<=>"
11146,"SCO5568","SYNPCC7942_RS10180",52.597,154,72,1,4,156,3,156,3.77E-53,162,159,0.968553459119497,"<=>"
11150,"SCO5573","SYNPCC7942_RS06765",37.676,284,167,5,1,279,1,279,2.89E-55,176,286,0.993006993006993,"<=>"
11158,"SCO5583","SYNPCC7942_RS11585",42.664,443,221,13,2,418,32,467,3.03E-77,244,448,0.988839285714286,"<=>"
11160,"SCO5584","SYNPCC7942_RS01635",51.786,112,54,0,1,112,1,112,6.24E-42,130,112,1,"<=>"
11171,"SCO5593","SYNPCC7942_RS11480",38.15,173,98,6,2,168,12,181,9.94E-24,89.4,188,0.920212765957447,"<=>"
11172,"SCO5594","SYNPCC7942_RS11350",44.118,238,116,6,1,236,1,223,2.35E-57,180,277,0.859205776173285,"<=>"
11173,"SCO5595","SYNPCC7942_RS12900",46.903,113,60,0,3,115,5,117,3.72E-33,108,116,0.974137931034483,"<=>"
11183,"SCO5603","SYNPCC7942_RS07120",43.371,528,268,6,4,526,3,504,1.1E-119,359,541,0.975970425138632,"<=>"
11202,"SCO5626","SYNPCC7942_RS02570",60.169,236,93,1,12,247,2,236,2.97E-97,281,253,0.932806324110672,"<=>"
11203,"SCO5627","SYNPCC7942_RS02575",43.333,180,102,0,6,185,3,182,2.11E-52,162,185,0.972972972972973,"<=>"
11210,"SCO5645","SYNPCC7942_RS08935",37.222,360,200,5,19,366,8,353,2.64E-69,218,368,0.978260869565217,"<=>"
11211,"SCO5646","SYNPCC7942_RS07210",23.81,315,226,8,40,352,19,321,2.75E-07,48.1,373,0.844504021447721,"<=>"
11226,"SCO5648","SYNPCC7942_RS08560",41.83,306,160,5,6,308,3,293,3.97E-65,206,348,0.879310344827586,"<=>"
11328,"SCO5668","SYNPCC7942_RS07195",42.462,325,157,10,30,346,20,322,1.3E-67,215,397,0.818639798488665,"<=>"
11418,"SCO5694","SYNPCC7942_RS07735",43.766,393,202,9,24,403,2,388,5.78E-95,287,418,0.940191387559809,"<=>"
11419,"SCO5695","SYNPCC7942_RS02290",25.464,377,192,12,20,380,17,320,6.38E-17,78.2,430,0.876744186046512,"<=>"
11420,"SCO5696","SYNPCC7942_RS03655",40.16,376,191,6,17,360,19,392,2.99E-77,241,385,0.976623376623377,"<=>"
11421,"SCO5699","SYNPCC7942_RS09940",38.803,585,322,10,8,558,2,584,4.53E-120,363,567,1.03174603174603,"<=>"
11424,"SCO5704","SYNPCC7942_RS10260",41.193,352,162,10,14,320,19,370,4.59E-63,203,340,1.03529411764706,"<=>"
11436,"SCO5711","SYNPCC7942_RS02505",35.423,319,189,10,5,315,2,311,9.52E-52,169,318,1.00314465408805,"<=>"
11528,"SCO5714","SYNPCC7942_RS10410",33.457,269,174,4,47,312,22,288,2.77E-32,118,317,0.848580441640379,"<=>"
11533,"SCO5736","SYNPCC7942_RS11685",54.545,88,40,0,1,88,1,88,2.66E-27,92,95,0.926315789473684,"<=>"
11534,"SCO5737","SYNPCC7942_RS12400",45.391,716,352,13,16,720,9,696,0,562,739,0.968876860622463,"<=>"
11535,"SCO5738","SYNPCC7942_RS10070",27.654,405,271,6,40,435,34,425,8.04E-42,150,459,0.882352941176471,"<=>"
11539,"SCO5739","SYNPCC7942_RS10835",38.519,270,135,5,6,247,7,273,3.92E-57,180,250,1.08,"<=>"
11541,"SCO5744","SYNPCC7942_RS09370",49.141,291,145,2,10,297,6,296,4.04E-89,264,299,0.973244147157191,"<=>"
11616,"SCO5767","SYNPCC7942_RS05705",29.341,334,205,6,12,326,14,335,2.78E-19,84.7,402,0.830845771144279,"<=>"
11619,"SCO5769","SYNPCC7942_RS01770",63.324,349,120,2,5,353,11,351,3.02E-156,440,374,0.933155080213904,"<=>"
11632,"SCO5777","SYNPCC7942_RS01270",59.35,246,99,1,12,256,16,261,9.61E-105,301,258,0.953488372093023,"<=>"
11738,"SCO5787","SYNPCC7942_RS12065",42.563,437,236,5,14,443,5,433,5.86E-118,351,505,0.865346534653465,"<=>"
11741,"SCO5791","SYNPCC7942_RS12635",38.284,303,175,5,8,308,7,299,2.46E-58,186,312,0.971153846153846,"<=>"
11742,"SCO5793","SYNPCC7942_RS09780",35.235,298,152,7,5,282,3,279,1.25E-46,154,289,1.03114186851211,"<=>"
11755,"SCO5804","SYNPCC7942_RS03565",38.411,151,90,1,1,148,1,151,9.35E-25,91.3,182,0.82967032967033,"<=>"
11862,"SCO5835","SYNPCC7942_RS04275",30.601,366,186,15,9,330,3,344,2.78E-31,117,362,1.01104972375691,"<=>"
11865,"SCO5837","SYNPCC7942_RS01915",28.416,461,266,8,20,427,51,500,3.15E-42,152,450,1.02444444444444,"<=>"
11878,"SCO5852","SYNPCC7942_RS07385",32.026,306,161,8,1,261,1,304,2.34E-34,124,282,1.08510638297872,"<=>"
11879,"SCO5854","SYNPCC7942_RS12330",41.608,286,149,8,4,281,5,280,1.73E-58,185,283,1.01060070671378,"<=>"
11882,"SCO5859","SYNPCC7942_RS00695",30.539,334,191,10,13,326,6,318,8.78E-33,122,375,0.890666666666667,"<=>"
12004,"SCO5875","SYNPCC7942_RS06480",26.25,240,158,6,1,226,1,235,3.12E-14,65.9,226,1.06194690265487,"<=>"
12008,"SCO5876","SYNPCC7942_RS05550",27.363,201,130,8,5,195,23,217,5.39E-06,42.4,223,0.901345291479821,"<=>"
12013,"SCO5886","SYNPCC7942_RS02730",45.946,407,209,3,6,404,9,412,9.57E-117,343,407,1,"<=>"
12015,"SCO5888","SYNPCC7942_RS07445",42.308,338,185,5,1,332,1,334,2.5E-76,234,335,1.0089552238806,"<=>"
12042,"SCO5897","SYNPCC7942_RS10325",29.769,346,205,7,1,341,2,314,5.82E-39,139,395,0.875949367088607,"<=>"
12047,"SCO5901","SYNPCC7942_RS01225",30.687,466,258,15,27,452,12,452,2.88E-48,168,458,1.0174672489083,"<=>"
12202,"SCO5976","SYNPCC7942_RS12760",38.226,327,175,7,8,334,3,302,1.51E-66,208,335,0.976119402985075,"<=>"
12282,"SCO6013","SYNPCC7942_RS02195",39.626,641,365,10,4,632,3,633,8.71E-146,434,642,0.998442367601246,"<=>"
12300,"SCO6031","SYNPCC7942_RS05575",40.841,333,191,5,20,347,10,341,4.07E-79,243,355,0.938028169014084,"<=>"
12358,"SCO6053","SYNPCC7942_RS12260",42.041,245,136,4,17,256,11,254,1.13E-57,181,262,0.935114503816794,"<=>"
12363,"SCO6060","SYNPCC7942_RS08860",36.596,470,266,9,11,458,10,469,3.52E-80,253,462,1.01731601731602,"<=>"
12365,"SCO6061","SYNPCC7942_RS11125",51.908,131,61,1,1,131,1,129,2.34E-44,138,135,0.97037037037037,"<=>"
12421,"SCO6075","SYNPCC7942_RS02980",26.82,261,156,10,23,272,11,247,1.47E-09,53.5,273,0.956043956043956,"<=>"
12428,"SCO6082","SYNPCC7942_RS00425",46.256,681,315,21,5,670,16,660,5.14E-179,523,702,0.97008547008547,"<=>"
12502,"SCO6099","SYNPCC7942_RS04830",39.655,174,103,2,4,177,30,201,1.02E-39,130,178,0.97752808988764,"<=>"
12503,"SCO6100","SYNPCC7942_RS12715",31.674,221,140,6,23,235,14,231,5.58E-29,105,236,0.936440677966102,"<=>"
12504,"SCO6102","SYNPCC7942_RS06355",35.182,523,303,15,34,545,11,508,1.27E-92,290,565,0.925663716814159,"<=>"
12508,"SCO6111","SYNPCC7942_RS11355",42.495,553,300,6,16,558,5,549,7.88E-135,401,585,0.945299145299145,"<=>"
12648,"SCO6179","SYNPCC7942_RS05885",50.814,307,146,1,18,324,2,303,9.54E-100,293,330,0.93030303030303,"<=>"
12718,"SCO6247","SYNPCC7942_RS02485",34.071,452,267,13,4,442,2,435,3.92E-55,186,445,1.01573033707865,"<=>"
12745,"SCO6255","SYNPCC7942_RS13225",25.298,336,224,9,1,325,16,335,2.46E-18,81.3,337,0.997032640949555,"<=>"
12904,"SCO6331","SYNPCC7942_RS07685",45.175,456,229,6,14,466,19,456,1.51E-130,382,469,0.97228144989339,"<=>"
12909,"SCO6341","SYNPCC7942_RS13280",39.313,262,154,2,1,257,1,262,7.45E-58,182,259,1.01158301158301,"<=>"
12911,"SCO6351","SYNPCC7942_RS09150",31.169,231,146,7,4,225,5,231,3.19E-21,85.1,232,0.995689655172414,"<=>"
13135,"SCO6407","anL50",29.174,545,319,16,56,595,26,508,6.53E-38,143,603,0.903814262023217,"<=>"
13144,"SCO6411","SYNPCC7942_RS10895",39.322,295,159,5,1,279,1,291,1.23E-60,191,280,1.05357142857143,"<=>"
13299,"SCO6462","SYNPCC7942_RS00755",40.714,140,74,2,23,154,43,181,4.52E-27,97.1,164,0.853658536585366,"<=>"
13312,"SCO6488","SYNPCC7942_RS10415",41.411,652,339,14,7,643,3,626,2.35E-151,449,655,0.995419847328244,"<=>"
13313,"SCO6489","SYNPCC7942_RS09960",36.61,295,171,9,7,295,6,290,7.76E-42,143,310,0.951612903225806,"<=>"
13608,"SCO6654","SYNPCC7942_RS08130",34.599,237,130,8,29,245,28,259,2.6E-28,105,273,0.868131868131868,"<=>"
13613,"SCO6659","SYNPCC7942_RS10295",31.278,454,244,13,86,519,56,461,1.82E-36,139,550,0.825454545454545,"<=>"
13615,"SCO6661","SYNPCC7942_RS11865",49.13,517,248,5,83,591,1,510,1.04E-176,506,592,0.873310810810811,"<=>"
13617,"SCO6663","SYNPCC7942_RS02735",49.408,676,317,11,21,690,8,664,0,605,698,0.968481375358166,"<=>"
13959,"SCO6747","anL18",38.5,200,121,2,1,199,4,202,6.11E-38,128,211,0.947867298578199,"<=>"
14010,"SCO6760","SYNPCC7942_RS10060",36.111,288,168,5,9,287,14,294,1.81E-44,150,312,0.923076923076923,"<=>"
14058,"SCO6813","SYNPCC7942_RS06605",33.945,109,61,4,3,103,7,112,6.77E-07,41.2,113,0.964601769911504,"<=>"
14114,"SCO6816","SYNPCC7942_RS12420",25.402,311,197,12,1,285,1,302,1.29E-14,69.3,290,1.07241379310345,"<=>"
14116,"SCO6818","SYNPCC7942_RS02390",37.452,518,296,7,11,511,8,514,7.87E-102,312,511,1.01369863013699,"<=>"
14117,"SCO6819","SYNPCC7942_RS01180",30,430,273,13,21,432,27,446,1.3E-44,157,440,0.977272727272727,"<=>"
14252,"SCO6990","SYNPCC7942_RS01795",43.464,306,168,4,25,325,2,307,3.43E-64,202,325,0.941538461538462,"<=>"
14345,"SCO7047","SYNPCC7942_RS09980",40.647,278,153,5,8,278,15,287,2.36E-54,174,278,1,"<=>"
14362,"SCO7075","SYNPCC7942_RS09500",45.614,228,119,2,2,229,4,226,5.91E-65,197,230,0.991304347826087,"<=>"
14470,"SCO7153","SYNPCC7942_RS11365",25.862,464,292,13,30,471,32,465,1.77E-22,96.3,472,0.983050847457627,"<=>"
14603,"SCO7194","SYNPCC7942_RS10640",27.35,234,146,6,1,222,1,222,2.81E-10,55.8,271,0.863468634686347,"<=>"
14617,"SCO7210","SYNPCC7942_RS07725",26.667,135,92,6,8,137,11,143,2.18E-11,54.7,153,0.882352941176471,"<=>"
14709,"SCO7234","SYNPCC7942_RS13260",47.61,502,251,8,48,545,28,521,2.28E-154,450,573,0.8760907504363,"<=>"
14801,"SCO7311","SYNPCC7942_RS03625",33.607,488,305,4,9,489,4,479,6.85E-80,253,492,0.991869918699187,"<=>"
14873,"SCO7343","SYNPCC7942_RS04970",41.042,307,174,4,9,311,9,312,3.44E-59,189,313,0.980830670926517,"<=>"
14887,"SCO7359","SYNPCC7942_RS00450",31.765,255,156,8,2,251,3,244,1.85E-26,99.8,251,1.01593625498008,"<=>"
15005,"SCO7443","SYNPCC7942_RS00790",28.959,442,257,16,42,459,17,425,7.11E-23,98.6,546,0.80952380952381,"<=>"
15013,"SCO7447","SYNPCC7942_RS02550",46.552,174,89,3,1,172,5,176,5.05E-46,146,183,0.950819672131148,"<=>"
15015,"SCO7452","SYNPCC7942_RS02535",34.906,318,200,5,12,327,5,317,5.38E-55,179,342,0.929824561403509,"<=>"
15094,"SCO7508","SYNPCC7942_RS11100",27.099,262,158,13,28,276,20,261,3.89E-07,46.6,277,0.945848375451264,"<=>"
15102,"SCO7517","SYNPCC7942_RS08610",38.017,363,204,4,63,425,38,379,3.74E-51,173,432,0.840277777777778,"<=>"
15171,"SCO7544","anL55",34.419,215,138,1,53,267,55,266,4.83E-30,110,267,0.805243445692884,"<=>"
15174,"SCO7545","SYNPCC7942_RS10670",45.85,253,113,5,6,235,15,266,1.28E-76,231,270,0.937037037037037,"<=>"
15238,"SCO7564","SYNPCC7942_RS04250",36.991,319,168,7,41,327,23,340,4.84E-35,127,330,0.966666666666667,"<=>"
15338,"SCO7570","SYNPCC7942_RS12060",28.235,340,210,11,30,357,27,344,2.49E-15,72.8,375,0.906666666666667,"<=>"
15345,"SCO7586","SYNPCC7942_RS02415",42.033,364,194,6,3,354,6,364,9.53E-86,260,357,1.01960784313725,"<=>"
15346,"SCO7588","SYNPCC7942_RS05945",34.641,306,185,5,1,304,1,293,5.81E-34,122,306,1,"<=>"
15354,"SCO7595","SYNPCC7942_RS05610",36.074,377,226,6,1,365,1,374,1.39E-54,181,391,0.964194373401535,"<=>"
15367,"SCO7622","SYNPCC7942_RS08215",47.548,469,228,7,5,464,7,466,1.63E-118,352,483,0.971014492753623,"<=>"
15606,"SCO7693","SYNPCC7942_RS12700",31.464,321,178,11,32,321,10,319,2.95E-24,97.1,323,0.993808049535604,"<=>"
15638,"SCO7738","SYNPCC7942_RS04995",46.512,129,65,4,1,125,1,129,6.86E-24,85.9,127,1.01574803149606,"<=>"
15712,"SCP1.119","SYNPCC7942_RS00005",30,380,249,10,1,370,16,388,1.73E-35,130,372,1.02150537634409,"<=>"
