,0
HKK26_RS00005,anL01
HKK26_RS00010,anL02
HKK26_RS00015,anL05
HKK26_RS00020,anL06
HKK26_RS00025,
HKK26_RS00030,anL11
HKK26_RS00035,anL12
HKK26_RS00040,anL15
HKK26_RS00045,anL15.5
HKK26_RS00050,anL16
HKK26_RS00055,anL18
HKK26_RS00060,anL19
HKK26_RS00065,anL21
HKK26_RS00070,anL22
HKK26_RS00075,anL23
HKK26_RS00080,anL24
HKK26_RS00085,anL25
HKK26_RS00090,anL28
HKK26_RS00095,anL29
HKK26_RS00100,anL29.5
HKK26_RS00105,anL30
HKK26_RS00110,anL31
HKK26_RS00115,anL32
HKK26_RS00120,anL33
HKK26_RS00125,anL34
HKK26_RS00130,anL35
HKK26_RS00135,anL36
HKK26_RS00140,anL38
HKK26_RS00145,anL39
HKK26_RS00150,anL40
HKK26_RS00155,anL42
HKK26_RS00160,anL43
HKK26_RS00165,anL44
HKK26_RS00170,anL45
HKK26_RS00175,anL46
HKK26_RS00180,anL47
HKK26_RS00185,anL48
HKK26_RS00190,anL49
HKK26_RS00195,anL50
HKK26_RS00200,anL51
HKK26_RS00205,anL52
HKK26_RS00210,anL53
HKK26_RS00215,anL54
HKK26_RS00220,anL55
HKK26_RS00225,anL56
HKK26_RS00230,anL56.5
HKK26_RS00235,anL58
HKK26_RS00240,anL59
SYNPCC7942_RS00005,Synpcc7942_0001
SYNPCC7942_RS00010,Synpcc7942_0002
SYNPCC7942_RS00015,Synpcc7942_0003
SYNPCC7942_RS00020,Synpcc7942_0004
SYNPCC7942_RS00025,Synpcc7942_0005
SYNPCC7942_RS00030,Synpcc7942_0006
SYNPCC7942_RS00035,Synpcc7942_0007
SYNPCC7942_RS00040,Synpcc7942_0008
SYNPCC7942_RS00045,Synpcc7942_0009
SYNPCC7942_RS00050,Synpcc7942_0010
SYNPCC7942_RS00055,Synpcc7942_0011
SYNPCC7942_RS00060,Synpcc7942_0012
SYNPCC7942_RS00065,Synpcc7942_0013
SYNPCC7942_RS00070,Synpcc7942_0014
SYNPCC7942_RS00075,Synpcc7942_0015
SYNPCC7942_RS00080,
SYNPCC7942_RS00085,Synpcc7942_0016
SYNPCC7942_RS00090,Synpcc7942_0017
SYNPCC7942_RS00095,Synpcc7942_0018
SYNPCC7942_RS00100,Synpcc7942_0019
SYNPCC7942_RS00105,Synpcc7942_0020
SYNPCC7942_RS00110,Synpcc7942_0021
SYNPCC7942_RS00115,Synpcc7942_0022
SYNPCC7942_RS00120,Synpcc7942_0023
SYNPCC7942_RS00125,Synpcc7942_0024
SYNPCC7942_RS00130,
SYNPCC7942_RS00135,Synpcc7942_0026
SYNPCC7942_RS00140,Synpcc7942_0027
SYNPCC7942_RS00145,Synpcc7942_0028
SYNPCC7942_RS00150,Synpcc7942_0029
SYNPCC7942_RS00155,Synpcc7942_0030
SYNPCC7942_RS00160,Synpcc7942_0031
SYNPCC7942_RS00165,Synpcc7942_0032
SYNPCC7942_RS13645,Synpcc7942_0033
SYNPCC7942_RS00170,
SYNPCC7942_RS00175,Synpcc7942_0035
SYNPCC7942_RS00180,
SYNPCC7942_RS00185,Synpcc7942_0037
SYNPCC7942_RS00190,Synpcc7942_0038
SYNPCC7942_RS00195,Synpcc7942_0039
SYNPCC7942_RS00200,Synpcc7942_0040
SYNPCC7942_RS00205,Synpcc7942_0041
SYNPCC7942_RS00210,Synpcc7942_0042
SYNPCC7942_RS00215,Synpcc7942_0043
SYNPCC7942_RS00220,Synpcc7942_0044
SYNPCC7942_RS00225,Synpcc7942_0045
SYNPCC7942_RS00230,Synpcc7942_0046
SYNPCC7942_RS00235,Synpcc7942_0047
SYNPCC7942_RS00240,
SYNPCC7942_RS00245,
SYNPCC7942_RS00250,Synpcc7942_0050
SYNPCC7942_RS00255,Synpcc7942_0051
SYNPCC7942_RS00260,Synpcc7942_0052
SYNPCC7942_RS00265,Synpcc7942_0053
SYNPCC7942_RS00270,Synpcc7942_0054
SYNPCC7942_RS00275,Synpcc7942_0055
SYNPCC7942_RS00280,Synpcc7942_0056
SYNPCC7942_RS00285,Synpcc7942_0057
SYNPCC7942_RS00290,Synpcc7942_0058
SYNPCC7942_RS00295,Synpcc7942_0059
SYNPCC7942_RS00300,Synpcc7942_0060
SYNPCC7942_RS00305,Synpcc7942_0061
SYNPCC7942_RS00310,Synpcc7942_0062
SYNPCC7942_RS00315,Synpcc7942_0063
SYNPCC7942_RS13650,
SYNPCC7942_RS00320,Synpcc7942_0065
SYNPCC7942_RS00325,Synpcc7942_0066
SYNPCC7942_RS00330,Synpcc7942_0067
SYNPCC7942_RS00335,Synpcc7942_0068
SYNPCC7942_RS00340,Synpcc7942_0069
SYNPCC7942_RS00345,Synpcc7942_0070
SYNPCC7942_RS00350,Synpcc7942_0071
SYNPCC7942_RS00355,Synpcc7942_0072
SYNPCC7942_RS00360,Synpcc7942_0073
SYNPCC7942_RS00365,Synpcc7942_0074
SYNPCC7942_RS00370,Synpcc7942_0075
SYNPCC7942_RS00375,Synpcc7942_0076
SYNPCC7942_RS00380,Synpcc7942_0077
SYNPCC7942_RS00385,Synpcc7942_0078
SYNPCC7942_RS00390,Synpcc7942_0079
SYNPCC7942_RS00395,Synpcc7942_0080
SYNPCC7942_RS00400,Synpcc7942_0081
SYNPCC7942_RS00405,Synpcc7942_0082
SYNPCC7942_RS00410,Synpcc7942_0083
SYNPCC7942_RS00415,Synpcc7942_0084
SYNPCC7942_RS00420,Synpcc7942_0085
SYNPCC7942_RS00425,Synpcc7942_0086
SYNPCC7942_RS00430,Synpcc7942_0087
SYNPCC7942_RS00435,Synpcc7942_0088
SYNPCC7942_RS00440,
SYNPCC7942_RS00450,Synpcc7942_0089
SYNPCC7942_RS00455,Synpcc7942_0090
SYNPCC7942_RS00460,Synpcc7942_0091
SYNPCC7942_RS00465,Synpcc7942_0092
SYNPCC7942_RS00470,Synpcc7942_0093
SYNPCC7942_RS00475,Synpcc7942_0094
SYNPCC7942_RS00480,Synpcc7942_0095
SYNPCC7942_RS00490,Synpcc7942_0096
SYNPCC7942_RS00495,Synpcc7942_0097
SYNPCC7942_RS00500,Synpcc7942_0098
SYNPCC7942_RS00505,Synpcc7942_0099
SYNPCC7942_RS00510,Synpcc7942_0100
SYNPCC7942_RS00515,Synpcc7942_0101
SYNPCC7942_RS00520,Synpcc7942_0102
SYNPCC7942_RS00525,Synpcc7942_0103
SYNPCC7942_RS00530,Synpcc7942_0104
SYNPCC7942_RS00535,Synpcc7942_0105
SYNPCC7942_RS00540,Synpcc7942_0106
SYNPCC7942_RS00545,Synpcc7942_0107
SYNPCC7942_RS00550,Synpcc7942_0108
SYNPCC7942_RS00555,Synpcc7942_0109
SYNPCC7942_RS00560,Synpcc7942_0110
SYNPCC7942_RS00565,Synpcc7942_0111
SYNPCC7942_RS00570,Synpcc7942_0112
SYNPCC7942_RS00575,Synpcc7942_0113
SYNPCC7942_RS00580,Synpcc7942_0114
SYNPCC7942_RS13655,Synpcc7942_0115
SYNPCC7942_RS00585,Synpcc7942_0116
SYNPCC7942_RS13660,Synpcc7942_0117
SYNPCC7942_RS00590,Synpcc7942_0118
SYNPCC7942_RS00595,
SYNPCC7942_RS00600,Synpcc7942_0119
SYNPCC7942_RS00605,Synpcc7942_0120
SYNPCC7942_RS00610,Synpcc7942_0121
SYNPCC7942_RS00620,Synpcc7942_0122
SYNPCC7942_RS00630,Synpcc7942_0124
SYNPCC7942_RS00635,Synpcc7942_0125
SYNPCC7942_RS00640,Synpcc7942_0126
SYNPCC7942_RS00645,Synpcc7942_0127
SYNPCC7942_RS00650,Synpcc7942_0128
SYNPCC7942_RS00655,Synpcc7942_0129
SYNPCC7942_RS00660,Synpcc7942_0130
SYNPCC7942_RS00665,Synpcc7942_0131
SYNPCC7942_RS00670,Synpcc7942_0132
SYNPCC7942_RS00675,Synpcc7942_0133
SYNPCC7942_RS00680,Synpcc7942_0134
SYNPCC7942_RS00685,Synpcc7942_0135
SYNPCC7942_RS00690,Synpcc7942_0136
SYNPCC7942_RS00695,Synpcc7942_0137
SYNPCC7942_RS00700,Synpcc7942_0138
SYNPCC7942_RS00705,Synpcc7942_0139
SYNPCC7942_RS00710,Synpcc7942_0140
SYNPCC7942_RS00715,Synpcc7942_0141
SYNPCC7942_RS00720,Synpcc7942_0142
SYNPCC7942_RS00725,Synpcc7942_0143
SYNPCC7942_RS00730,Synpcc7942_0144
SYNPCC7942_RS00735,Synpcc7942_0145
SYNPCC7942_RS00740,Synpcc7942_0146
SYNPCC7942_RS00745,Synpcc7942_0147
SYNPCC7942_RS00750,Synpcc7942_0148
SYNPCC7942_RS00755,Synpcc7942_0149
SYNPCC7942_RS00760,Synpcc7942_0150
SYNPCC7942_RS00765,Synpcc7942_0151
SYNPCC7942_RS00770,Synpcc7942_0152
SYNPCC7942_RS00775,Synpcc7942_0153
SYNPCC7942_RS00780,Synpcc7942_0154
SYNPCC7942_RS00785,Synpcc7942_0155
SYNPCC7942_RS00790,Synpcc7942_0156
SYNPCC7942_RS00795,Synpcc7942_0157
SYNPCC7942_RS00800,Synpcc7942_0158
SYNPCC7942_RS00805,Synpcc7942_0159
SYNPCC7942_RS00810,Synpcc7942_0160
SYNPCC7942_RS00815,Synpcc7942_0161
SYNPCC7942_RS00820,Synpcc7942_0162
SYNPCC7942_RS00825,Synpcc7942_0163
SYNPCC7942_RS00830,Synpcc7942_0164
SYNPCC7942_RS00835,Synpcc7942_0165
SYNPCC7942_RS00840,Synpcc7942_0166
SYNPCC7942_RS00850,Synpcc7942_0167
SYNPCC7942_RS00855,Synpcc7942_0168
SYNPCC7942_RS00860,Synpcc7942_0169
SYNPCC7942_RS00865,
SYNPCC7942_RS00870,Synpcc7942_0171
SYNPCC7942_RS00875,Synpcc7942_0172
SYNPCC7942_RS00880,Synpcc7942_0173
SYNPCC7942_RS00885,Synpcc7942_0174
SYNPCC7942_RS00890,Synpcc7942_0175
SYNPCC7942_RS13665,Synpcc7942_0176
SYNPCC7942_RS00900,Synpcc7942_0177
SYNPCC7942_RS00905,Synpcc7942_0178
SYNPCC7942_RS00910,Synpcc7942_0179
SYNPCC7942_RS00915,Synpcc7942_0180
SYNPCC7942_RS00920,Synpcc7942_0181
SYNPCC7942_RS00925,Synpcc7942_0182
SYNPCC7942_RS00930,Synpcc7942_0183
SYNPCC7942_RS00935,Synpcc7942_0184
SYNPCC7942_RS00940,Synpcc7942_0185
SYNPCC7942_RS00945,Synpcc7942_0186
SYNPCC7942_RS00950,Synpcc7942_0187
SYNPCC7942_RS00955,Synpcc7942_0188
SYNPCC7942_RS00960,Synpcc7942_0189
SYNPCC7942_RS00965,Synpcc7942_0190
SYNPCC7942_RS00970,Synpcc7942_0191
SYNPCC7942_RS00975,Synpcc7942_0192
SYNPCC7942_RS00980,Synpcc7942_0193
SYNPCC7942_RS00985,Synpcc7942_0194
SYNPCC7942_RS00990,Synpcc7942_0195
SYNPCC7942_RS00995,Synpcc7942_0196
SYNPCC7942_RS01000,Synpcc7942_0197
SYNPCC7942_RS01005,Synpcc7942_0198
SYNPCC7942_RS01010,Synpcc7942_0199
SYNPCC7942_RS01015,Synpcc7942_0200
SYNPCC7942_RS01020,Synpcc7942_0201
SYNPCC7942_RS01025,Synpcc7942_0202
SYNPCC7942_RS01030,Synpcc7942_0203
SYNPCC7942_RS01035,Synpcc7942_0204
SYNPCC7942_RS01040,Synpcc7942_0205
SYNPCC7942_RS01045,Synpcc7942_0206
SYNPCC7942_RS01055,Synpcc7942_0208
SYNPCC7942_RS01060,Synpcc7942_0209
SYNPCC7942_RS01065,Synpcc7942_0210
SYNPCC7942_RS01070,Synpcc7942_0211
SYNPCC7942_RS01075,Synpcc7942_0212
SYNPCC7942_RS01080,Synpcc7942_0213
SYNPCC7942_RS01085,Synpcc7942_0214
SYNPCC7942_RS01090,Synpcc7942_0215
SYNPCC7942_RS01095,Synpcc7942_0216
SYNPCC7942_RS01100,Synpcc7942_0217
SYNPCC7942_RS01110,Synpcc7942_0218
SYNPCC7942_RS01115,Synpcc7942_0219
SYNPCC7942_RS01120,Synpcc7942_0220
SYNPCC7942_RS01125,Synpcc7942_0221
SYNPCC7942_RS01130,Synpcc7942_0222
SYNPCC7942_RS01135,Synpcc7942_0223
SYNPCC7942_RS01140,Synpcc7942_0224
SYNPCC7942_RS01145,Synpcc7942_0225
SYNPCC7942_RS01150,Synpcc7942_0226
SYNPCC7942_RS01155,Synpcc7942_0227
SYNPCC7942_RS01160,Synpcc7942_0228
SYNPCC7942_RS01165,Synpcc7942_0229
SYNPCC7942_RS01170,Synpcc7942_0230
SYNPCC7942_RS01175,Synpcc7942_0231
SYNPCC7942_RS01180,Synpcc7942_0232
SYNPCC7942_RS01185,Synpcc7942_0233
SYNPCC7942_RS01190,Synpcc7942_0234
SYNPCC7942_RS01195,Synpcc7942_0235
SYNPCC7942_RS01200,Synpcc7942_0236
SYNPCC7942_RS01205,Synpcc7942_0237
SYNPCC7942_RS01210,Synpcc7942_0238
SYNPCC7942_RS01215,Synpcc7942_0239
SYNPCC7942_RS01220,Synpcc7942_0240
SYNPCC7942_RS01225,Synpcc7942_0241
SYNPCC7942_RS01235,Synpcc7942_0242
SYNPCC7942_RS01240,Synpcc7942_0243
SYNPCC7942_RS01245,Synpcc7942_0244
SYNPCC7942_RS01250,Synpcc7942_0245
SYNPCC7942_RS01255,Synpcc7942_0246
SYNPCC7942_RS01260,Synpcc7942_0247
SYNPCC7942_RS01265,Synpcc7942_0248
SYNPCC7942_RS01270,Synpcc7942_0249
SYNPCC7942_RS01275,Synpcc7942_0250
SYNPCC7942_RS01280,Synpcc7942_0251
SYNPCC7942_RS01285,Synpcc7942_0252
SYNPCC7942_RS01290,Synpcc7942_0253
SYNPCC7942_RS01295,Synpcc7942_0254
SYNPCC7942_RS01300,Synpcc7942_0255
SYNPCC7942_RS01305,Synpcc7942_0256
SYNPCC7942_RS01310,Synpcc7942_0257
SYNPCC7942_RS01315,Synpcc7942_0258
SYNPCC7942_RS01320,Synpcc7942_0259
SYNPCC7942_RS01325,Synpcc7942_0260
SYNPCC7942_RS01330,Synpcc7942_0261
SYNPCC7942_RS01335,Synpcc7942_0262
SYNPCC7942_RS01340,Synpcc7942_0263
SYNPCC7942_RS01345,Synpcc7942_0264
SYNPCC7942_RS01350,Synpcc7942_0265
SYNPCC7942_RS01355,Synpcc7942_0266
SYNPCC7942_RS13905,
SYNPCC7942_RS01360,Synpcc7942_0267
SYNPCC7942_RS01365,Synpcc7942_0268
SYNPCC7942_RS01370,Synpcc7942_0269
SYNPCC7942_RS01375,Synpcc7942_0270
SYNPCC7942_RS01380,Synpcc7942_0271
SYNPCC7942_RS01385,Synpcc7942_0272
SYNPCC7942_RS01390,Synpcc7942_0273
SYNPCC7942_RS01395,Synpcc7942_0274
SYNPCC7942_RS01400,Synpcc7942_0275
SYNPCC7942_RS01405,Synpcc7942_0276
SYNPCC7942_RS01410,Synpcc7942_0277
SYNPCC7942_RS01415,Synpcc7942_0278
SYNPCC7942_RS01420,Synpcc7942_0279
SYNPCC7942_RS01425,Synpcc7942_0280
SYNPCC7942_RS01430,Synpcc7942_0281
SYNPCC7942_RS01435,Synpcc7942_0282
SYNPCC7942_RS01440,Synpcc7942_0283
SYNPCC7942_RS01445,Synpcc7942_0284
SYNPCC7942_RS01450,Synpcc7942_0285
SYNPCC7942_RS01455,Synpcc7942_0286
SYNPCC7942_RS13610,Synpcc7942_0287
SYNPCC7942_RS01465,Synpcc7942_0288
SYNPCC7942_RS01470,Synpcc7942_0289
SYNPCC7942_RS01475,Synpcc7942_0290
SYNPCC7942_RS01485,Synpcc7942_0291
SYNPCC7942_RS01490,Synpcc7942_0292
SYNPCC7942_RS01495,Synpcc7942_0293
SYNPCC7942_RS01500,Synpcc7942_0294
SYNPCC7942_RS01505,Synpcc7942_0295
SYNPCC7942_RS01510,Synpcc7942_0296
SYNPCC7942_RS01515,Synpcc7942_0297
SYNPCC7942_RS01520,Synpcc7942_0298
SYNPCC7942_RS01525,Synpcc7942_0299
SYNPCC7942_RS01530,Synpcc7942_0300
SYNPCC7942_RS01535,Synpcc7942_0301
SYNPCC7942_RS01540,Synpcc7942_0302
SYNPCC7942_RS01545,Synpcc7942_0303
SYNPCC7942_RS01550,Synpcc7942_0304
SYNPCC7942_RS01555,Synpcc7942_0305
SYNPCC7942_RS01560,
SYNPCC7942_RS01565,Synpcc7942_0307
SYNPCC7942_RS01570,Synpcc7942_0308
SYNPCC7942_RS01575,Synpcc7942_0309
SYNPCC7942_RS01580,Synpcc7942_0310
SYNPCC7942_RS01585,Synpcc7942_0311
SYNPCC7942_RS01590,Synpcc7942_0312
SYNPCC7942_RS01595,Synpcc7942_0313
SYNPCC7942_RS01600,Synpcc7942_0314
SYNPCC7942_RS01605,Synpcc7942_0315
SYNPCC7942_RS01610,Synpcc7942_0316
SYNPCC7942_RS01615,Synpcc7942_0317
SYNPCC7942_RS01620,Synpcc7942_0318
SYNPCC7942_RS01625,Synpcc7942_0319
SYNPCC7942_RS01630,Synpcc7942_0320
SYNPCC7942_RS01635,Synpcc7942_0321
SYNPCC7942_RS01640,Synpcc7942_0322
SYNPCC7942_RS01645,Synpcc7942_0323
SYNPCC7942_RS01650,Synpcc7942_0324
SYNPCC7942_RS01655,Synpcc7942_0325
SYNPCC7942_RS01660,Synpcc7942_0326
SYNPCC7942_RS01665,Synpcc7942_0327
SYNPCC7942_RS01670,Synpcc7942_0328
SYNPCC7942_RS01675,Synpcc7942_0329
SYNPCC7942_RS01680,Synpcc7942_0330
SYNPCC7942_RS01685,Synpcc7942_0331
SYNPCC7942_RS01690,Synpcc7942_0332
SYNPCC7942_RS01695,Synpcc7942_0333
SYNPCC7942_RS01700,Synpcc7942_0334
SYNPCC7942_RS01705,Synpcc7942_0335
SYNPCC7942_RS01710,Synpcc7942_0336
SYNPCC7942_RS01715,Synpcc7942_0337
SYNPCC7942_RS01720,Synpcc7942_0338
SYNPCC7942_RS01725,
SYNPCC7942_RS01730,Synpcc7942_0339
SYNPCC7942_RS01735,Synpcc7942_0340
SYNPCC7942_RS01740,Synpcc7942_0341
SYNPCC7942_RS01745,Synpcc7942_0342
SYNPCC7942_RS01750,Synpcc7942_0343
SYNPCC7942_RS01755,Synpcc7942_0344
SYNPCC7942_RS01760,Synpcc7942_0345
SYNPCC7942_RS01765,Synpcc7942_0346
SYNPCC7942_RS01770,Synpcc7942_0348
SYNPCC7942_RS01775,Synpcc7942_0349
SYNPCC7942_RS01780,Synpcc7942_0350
SYNPCC7942_RS01785,Synpcc7942_0351
SYNPCC7942_RS01790,Synpcc7942_0352
SYNPCC7942_RS01795,Synpcc7942_0353
SYNPCC7942_RS13910,
SYNPCC7942_RS01800,Synpcc7942_0354
SYNPCC7942_RS01805,Synpcc7942_0355
SYNPCC7942_RS01810,Synpcc7942_0356
SYNPCC7942_RS01815,
SYNPCC7942_RS01820,Synpcc7942_0357
SYNPCC7942_RS01825,Synpcc7942_0358
SYNPCC7942_RS01830,Synpcc7942_0359
SYNPCC7942_RS01835,Synpcc7942_0360
SYNPCC7942_RS01840,Synpcc7942_0361
SYNPCC7942_RS01845,Synpcc7942_0362
SYNPCC7942_RS01850,Synpcc7942_0363
SYNPCC7942_RS01855,Synpcc7942_0364
SYNPCC7942_RS01860,Synpcc7942_0365
SYNPCC7942_RS13915,
SYNPCC7942_RS01865,Synpcc7942_0366
SYNPCC7942_RS01870,Synpcc7942_0367
SYNPCC7942_RS01875,Synpcc7942_0368
SYNPCC7942_RS01880,Synpcc7942_0369
SYNPCC7942_RS01885,Synpcc7942_0370
SYNPCC7942_RS01890,Synpcc7942_0371
SYNPCC7942_RS13670,Synpcc7942_0372
SYNPCC7942_RS01900,Synpcc7942_0373
SYNPCC7942_RS01905,Synpcc7942_0374
SYNPCC7942_RS01910,Synpcc7942_0375
SYNPCC7942_RS01915,Synpcc7942_0376
SYNPCC7942_RS01920,Synpcc7942_0377
SYNPCC7942_RS01925,Synpcc7942_0378
SYNPCC7942_RS01930,Synpcc7942_0379
SYNPCC7942_RS01935,Synpcc7942_0380
SYNPCC7942_RS01940,
SYNPCC7942_RS01945,Synpcc7942_0381
SYNPCC7942_RS01950,Synpcc7942_0382
SYNPCC7942_RS01955,Synpcc7942_0383
SYNPCC7942_RS01960,Synpcc7942_0384
SYNPCC7942_RS01965,Synpcc7942_0385
SYNPCC7942_RS01970,Synpcc7942_0386
SYNPCC7942_RS01975,Synpcc7942_0387
SYNPCC7942_RS01980,Synpcc7942_0388
SYNPCC7942_RS01985,
SYNPCC7942_RS01990,Synpcc7942_0390
SYNPCC7942_RS01995,Synpcc7942_0391
SYNPCC7942_RS02000,Synpcc7942_0392
SYNPCC7942_RS02005,Synpcc7942_0393
SYNPCC7942_RS02010,Synpcc7942_0394
SYNPCC7942_RS02015,Synpcc7942_0395
SYNPCC7942_RS02020,Synpcc7942_0396
SYNPCC7942_RS02025,Synpcc7942_0397
SYNPCC7942_RS02030,Synpcc7942_0398
SYNPCC7942_RS02035,Synpcc7942_0399
SYNPCC7942_RS02040,Synpcc7942_0400
SYNPCC7942_RS02045,Synpcc7942_0401
SYNPCC7942_RS02050,Synpcc7942_0402
SYNPCC7942_RS02055,Synpcc7942_0403
SYNPCC7942_RS02060,Synpcc7942_0404
SYNPCC7942_RS02065,Synpcc7942_0405
SYNPCC7942_RS02070,Synpcc7942_0406
SYNPCC7942_RS02075,Synpcc7942_0407
SYNPCC7942_RS02080,Synpcc7942_0408
SYNPCC7942_RS02085,Synpcc7942_0409
SYNPCC7942_RS02090,Synpcc7942_0410
SYNPCC7942_RS02095,Synpcc7942_0411
SYNPCC7942_RS02100,Synpcc7942_0412
SYNPCC7942_RS02105,
SYNPCC7942_RS02115,Synpcc7942_0414
SYNPCC7942_RS02120,Synpcc7942_0415
SYNPCC7942_RS02125,Synpcc7942_0416
SYNPCC7942_RS02130,Synpcc7942_0417
SYNPCC7942_RS02135,Synpcc7942_0418
SYNPCC7942_RS02140,Synpcc7942_0419
SYNPCC7942_RS02145,Synpcc7942_0420
SYNPCC7942_RS02150,Synpcc7942_0421
SYNPCC7942_RS02155,Synpcc7942_0422
SYNPCC7942_RS02160,Synpcc7942_0423
SYNPCC7942_RS02165,Synpcc7942_0424
SYNPCC7942_RS02170,Synpcc7942_0425
SYNPCC7942_RS02175,Synpcc7942_0426
SYNPCC7942_RS02180,Synpcc7942_0427
SYNPCC7942_RS02185,Synpcc7942_0428
SYNPCC7942_RS02190,Synpcc7942_0429
SYNPCC7942_RS02195,Synpcc7942_0430
SYNPCC7942_RS02200,Synpcc7942_0431
SYNPCC7942_RS02205,Synpcc7942_0432
SYNPCC7942_RS02210,Synpcc7942_0433
SYNPCC7942_RS02220,Synpcc7942_0434
SYNPCC7942_RS02225,Synpcc7942_0435
SYNPCC7942_RS02230,Synpcc7942_0436
SYNPCC7942_RS02235,
SYNPCC7942_RS02240,Synpcc7942_0437
SYNPCC7942_RS13920,Synpcc7942_0438
SYNPCC7942_RS02245,Synpcc7942_0439
SYNPCC7942_RS02250,Synpcc7942_0440
SYNPCC7942_RS02255,Synpcc7942_0441
SYNPCC7942_RS02260,Synpcc7942_0442
SYNPCC7942_RS02265,Synpcc7942_0443
SYNPCC7942_RS02270,Synpcc7942_0444
SYNPCC7942_RS02275,Synpcc7942_0445
SYNPCC7942_RS02280,Synpcc7942_0446
SYNPCC7942_RS02285,Synpcc7942_0447
SYNPCC7942_RS02290,Synpcc7942_0448
SYNPCC7942_RS02295,Synpcc7942_0449
SYNPCC7942_RS02300,Synpcc7942_0450
SYNPCC7942_RS02305,Synpcc7942_0451
SYNPCC7942_RS02310,
SYNPCC7942_RS02315,Synpcc7942_0453
SYNPCC7942_RS02320,Synpcc7942_0454
SYNPCC7942_RS02325,Synpcc7942_0455
SYNPCC7942_RS13675,Synpcc7942_0456
SYNPCC7942_RS02330,Synpcc7942_0457
SYNPCC7942_RS02335,Synpcc7942_0458
SYNPCC7942_RS02340,Synpcc7942_0459
SYNPCC7942_RS02345,Synpcc7942_0460
SYNPCC7942_RS02350,Synpcc7942_0461
SYNPCC7942_RS02355,Synpcc7942_0462
SYNPCC7942_RS02360,Synpcc7942_0463
SYNPCC7942_RS02365,Synpcc7942_0464
SYNPCC7942_RS02370,Synpcc7942_0465
SYNPCC7942_RS02375,Synpcc7942_0466
SYNPCC7942_RS02380,Synpcc7942_0467
SYNPCC7942_RS02385,Synpcc7942_0468
SYNPCC7942_RS02390,Synpcc7942_0469
SYNPCC7942_RS02400,Synpcc7942_0470
SYNPCC7942_RS02405,Synpcc7942_0471
SYNPCC7942_RS02410,Synpcc7942_0472
SYNPCC7942_RS02415,Synpcc7942_0473
SYNPCC7942_RS02420,Synpcc7942_0475
SYNPCC7942_RS02425,
SYNPCC7942_RS02430,Synpcc7942_0477
SYNPCC7942_RS02435,Synpcc7942_0478
SYNPCC7942_RS02440,Synpcc7942_0479
SYNPCC7942_RS02445,Synpcc7942_0480
SYNPCC7942_RS02450,Synpcc7942_0481
SYNPCC7942_RS02455,Synpcc7942_0482
SYNPCC7942_RS02460,Synpcc7942_0483
SYNPCC7942_RS02465,Synpcc7942_0484
SYNPCC7942_RS02470,Synpcc7942_0485
SYNPCC7942_RS02475,Synpcc7942_0486
SYNPCC7942_RS02480,Synpcc7942_0487
SYNPCC7942_RS02485,Synpcc7942_0488
SYNPCC7942_RS02490,Synpcc7942_0489
SYNPCC7942_RS02495,Synpcc7942_0490
SYNPCC7942_RS13925,Synpcc7942_0491
SYNPCC7942_RS02505,Synpcc7942_0492
SYNPCC7942_RS02510,Synpcc7942_0493
SYNPCC7942_RS02515,Synpcc7942_0494
SYNPCC7942_RS02520,Synpcc7942_0495
SYNPCC7942_RS02525,Synpcc7942_0496
SYNPCC7942_RS02530,Synpcc7942_0498
SYNPCC7942_RS02535,Synpcc7942_0499
SYNPCC7942_RS02540,Synpcc7942_0500
SYNPCC7942_RS02545,Synpcc7942_0501
SYNPCC7942_RS02550,Synpcc7942_0502
SYNPCC7942_RS02555,Synpcc7942_0503
SYNPCC7942_RS02560,Synpcc7942_0504
SYNPCC7942_RS02565,Synpcc7942_0505
SYNPCC7942_RS02570,Synpcc7942_0506
SYNPCC7942_RS02575,Synpcc7942_0507
SYNPCC7942_RS02580,Synpcc7942_0508
SYNPCC7942_RS02585,Synpcc7942_0509
SYNPCC7942_RS02590,Synpcc7942_0510
SYNPCC7942_RS02595,Synpcc7942_0511
SYNPCC7942_RS02600,Synpcc7942_0512
SYNPCC7942_RS02605,Synpcc7942_0513
SYNPCC7942_RS02610,Synpcc7942_0514
SYNPCC7942_RS02615,Synpcc7942_0515
SYNPCC7942_RS02620,Synpcc7942_0516
SYNPCC7942_RS02625,Synpcc7942_0517
SYNPCC7942_RS02630,Synpcc7942_0518
SYNPCC7942_RS02635,Synpcc7942_0519
SYNPCC7942_RS02640,Synpcc7942_0520
SYNPCC7942_RS02645,Synpcc7942_0521
SYNPCC7942_RS02655,Synpcc7942_0522
SYNPCC7942_RS02660,Synpcc7942_0523
SYNPCC7942_RS02665,Synpcc7942_0524
SYNPCC7942_RS02670,Synpcc7942_0525
SYNPCC7942_RS02675,Synpcc7942_0526
SYNPCC7942_RS02680,Synpcc7942_0527
SYNPCC7942_RS02685,
SYNPCC7942_RS02690,Synpcc7942_0529
SYNPCC7942_RS02695,Synpcc7942_0530
SYNPCC7942_RS02700,Synpcc7942_0531
SYNPCC7942_RS02705,Synpcc7942_0532
SYNPCC7942_RS02710,Synpcc7942_0533
SYNPCC7942_RS02715,Synpcc7942_0534
SYNPCC7942_RS02720,Synpcc7942_0535
SYNPCC7942_RS02725,Synpcc7942_0536
SYNPCC7942_RS02730,Synpcc7942_0537
SYNPCC7942_RS02735,Synpcc7942_0538
SYNPCC7942_RS02740,Synpcc7942_0539
SYNPCC7942_RS02745,Synpcc7942_0540
SYNPCC7942_RS02750,Synpcc7942_0541
SYNPCC7942_RS02755,
SYNPCC7942_RS02760,Synpcc7942_0542
SYNPCC7942_RS02765,Synpcc7942_0543
SYNPCC7942_RS02770,Synpcc7942_0544
SYNPCC7942_RS02775,Synpcc7942_0545
SYNPCC7942_RS02780,Synpcc7942_0546
SYNPCC7942_RS02785,Synpcc7942_0547
SYNPCC7942_RS02790,Synpcc7942_0548
SYNPCC7942_RS02795,Synpcc7942_0549
SYNPCC7942_RS02800,Synpcc7942_0550
SYNPCC7942_RS02805,Synpcc7942_0551
SYNPCC7942_RS02810,Synpcc7942_0552
SYNPCC7942_RS02815,Synpcc7942_0553
SYNPCC7942_RS02820,Synpcc7942_0554
SYNPCC7942_RS02825,Synpcc7942_0555
SYNPCC7942_RS02830,Synpcc7942_0556
SYNPCC7942_RS02835,Synpcc7942_0557
SYNPCC7942_RS02840,Synpcc7942_0558
SYNPCC7942_RS02845,Synpcc7942_0559
SYNPCC7942_RS02850,Synpcc7942_0560
SYNPCC7942_RS02855,Synpcc7942_0561
SYNPCC7942_RS02860,Synpcc7942_0562
SYNPCC7942_RS02865,Synpcc7942_0563
SYNPCC7942_RS02870,Synpcc7942_0564
SYNPCC7942_RS02875,Synpcc7942_0565
SYNPCC7942_RS02880,Synpcc7942_0566
SYNPCC7942_RS02885,Synpcc7942_0567
SYNPCC7942_RS02890,Synpcc7942_0568
SYNPCC7942_RS02895,Synpcc7942_0569
SYNPCC7942_RS02900,Synpcc7942_0570
SYNPCC7942_RS02905,Synpcc7942_0571
SYNPCC7942_RS02910,Synpcc7942_0572
SYNPCC7942_RS02920,Synpcc7942_0573
SYNPCC7942_RS02925,Synpcc7942_0574
SYNPCC7942_RS02930,Synpcc7942_0575
SYNPCC7942_RS02935,Synpcc7942_0576
SYNPCC7942_RS13930,Synpcc7942_0577
SYNPCC7942_RS02940,Synpcc7942_0578
SYNPCC7942_RS02945,Synpcc7942_0579
SYNPCC7942_RS02950,Synpcc7942_0580
SYNPCC7942_RS02955,Synpcc7942_0581
SYNPCC7942_RS02960,Synpcc7942_0582
SYNPCC7942_RS02965,Synpcc7942_0583
SYNPCC7942_RS02970,Synpcc7942_0584
SYNPCC7942_RS02975,Synpcc7942_0585
SYNPCC7942_RS02980,Synpcc7942_0586
SYNPCC7942_RS03010,Synpcc7942_0587
SYNPCC7942_RS03015,Synpcc7942_0588
SYNPCC7942_RS13680,
SYNPCC7942_RS03020,
SYNPCC7942_RS03025,Synpcc7942_0590
SYNPCC7942_RS03030,Synpcc7942_0591
SYNPCC7942_RS03035,Synpcc7942_0592
SYNPCC7942_RS13615,Synpcc7942_0593
SYNPCC7942_RS03045,Synpcc7942_0594
SYNPCC7942_RS03050,Synpcc7942_0595
SYNPCC7942_RS03055,Synpcc7942_0596
SYNPCC7942_RS03060,Synpcc7942_0597
SYNPCC7942_RS03065,Synpcc7942_0598
SYNPCC7942_RS03075,Synpcc7942_0599
SYNPCC7942_RS03080,Synpcc7942_0600
SYNPCC7942_RS03090,Synpcc7942_0602
SYNPCC7942_RS03095,Synpcc7942_0603
SYNPCC7942_RS03100,Synpcc7942_0604
SYNPCC7942_RS03105,Synpcc7942_0605
SYNPCC7942_RS03110,Synpcc7942_0606
SYNPCC7942_RS03115,Synpcc7942_0607
SYNPCC7942_RS03120,Synpcc7942_0608
SYNPCC7942_RS03125,
SYNPCC7942_RS03130,Synpcc7942_0610
SYNPCC7942_RS03135,Synpcc7942_0611
SYNPCC7942_RS03140,Synpcc7942_0612
SYNPCC7942_RS03145,Synpcc7942_0613
SYNPCC7942_RS03150,Synpcc7942_0614
SYNPCC7942_RS03155,Synpcc7942_0615
SYNPCC7942_RS03160,Synpcc7942_0616
SYNPCC7942_RS03165,Synpcc7942_0617
SYNPCC7942_RS03170,Synpcc7942_0618
SYNPCC7942_RS03175,Synpcc7942_0619
SYNPCC7942_RS03180,Synpcc7942_0620
SYNPCC7942_RS03185,Synpcc7942_0621
SYNPCC7942_RS03190,Synpcc7942_0622
SYNPCC7942_RS03195,Synpcc7942_0623
SYNPCC7942_RS03200,Synpcc7942_0624
SYNPCC7942_RS03205,Synpcc7942_0625
SYNPCC7942_RS03210,Synpcc7942_0626
SYNPCC7942_RS03220,Synpcc7942_0627
SYNPCC7942_RS03225,Synpcc7942_0628
SYNPCC7942_RS03230,Synpcc7942_0629
SYNPCC7942_RS03235,Synpcc7942_0630
SYNPCC7942_RS03240,Synpcc7942_0631
SYNPCC7942_RS03245,Synpcc7942_0632
SYNPCC7942_RS03250,Synpcc7942_0633
SYNPCC7942_RS03255,Synpcc7942_0634
SYNPCC7942_RS03260,Synpcc7942_0635
SYNPCC7942_RS03265,Synpcc7942_0636
SYNPCC7942_RS03270,Synpcc7942_0637
SYNPCC7942_RS03275,Synpcc7942_0638
SYNPCC7942_RS03280,Synpcc7942_0639
SYNPCC7942_RS03285,Synpcc7942_0640
SYNPCC7942_RS03290,Synpcc7942_0641
SYNPCC7942_RS03295,Synpcc7942_0642
SYNPCC7942_RS03300,Synpcc7942_0643
SYNPCC7942_RS03305,Synpcc7942_0644
SYNPCC7942_RS03310,Synpcc7942_0645
SYNPCC7942_RS03315,Synpcc7942_0646
SYNPCC7942_RS03320,Synpcc7942_0647
SYNPCC7942_RS13685,Synpcc7942_0648
SYNPCC7942_RS03325,Synpcc7942_0649
SYNPCC7942_RS03330,Synpcc7942_0650
SYNPCC7942_RS03335,Synpcc7942_0651
SYNPCC7942_RS03340,Synpcc7942_0652
SYNPCC7942_RS03345,Synpcc7942_0653
SYNPCC7942_RS03350,Synpcc7942_0654
SYNPCC7942_RS03355,Synpcc7942_0655
SYNPCC7942_RS03360,Synpcc7942_0656
SYNPCC7942_RS03365,Synpcc7942_0657
SYNPCC7942_RS03370,Synpcc7942_0658
SYNPCC7942_RS03375,Synpcc7942_0659
SYNPCC7942_RS03380,Synpcc7942_0660
SYNPCC7942_RS03385,Synpcc7942_0661
SYNPCC7942_RS03390,Synpcc7942_0662
SYNPCC7942_RS03395,Synpcc7942_0663
SYNPCC7942_RS03400,Synpcc7942_0664
SYNPCC7942_RS03405,Synpcc7942_0665
SYNPCC7942_RS03410,Synpcc7942_0666
SYNPCC7942_RS03415,Synpcc7942_0667
SYNPCC7942_RS03425,Synpcc7942_0669
SYNPCC7942_RS03430,Synpcc7942_0670
SYNPCC7942_RS03435,Synpcc7942_0671
SYNPCC7942_RS03440,Synpcc7942_0672
SYNPCC7942_RS03445,Synpcc7942_0673
SYNPCC7942_RS03450,Synpcc7942_0674
SYNPCC7942_RS03455,Synpcc7942_0675
SYNPCC7942_RS03460,Synpcc7942_0676
SYNPCC7942_RS03465,Synpcc7942_0677
SYNPCC7942_RS03470,Synpcc7942_0678
SYNPCC7942_RS03480,Synpcc7942_0679
SYNPCC7942_RS03485,Synpcc7942_0680
SYNPCC7942_RS03490,Synpcc7942_0681
SYNPCC7942_RS03495,Synpcc7942_0682
SYNPCC7942_RS03500,Synpcc7942_0683
SYNPCC7942_RS03505,Synpcc7942_0684
SYNPCC7942_RS03510,Synpcc7942_0685
SYNPCC7942_RS03515,
SYNPCC7942_RS03520,Synpcc7942_0686
SYNPCC7942_RS03525,Synpcc7942_0687
SYNPCC7942_RS03530,Synpcc7942_0688
SYNPCC7942_RS03535,Synpcc7942_0689
SYNPCC7942_RS03540,Synpcc7942_0690
SYNPCC7942_RS13620,Synpcc7942_0691
SYNPCC7942_RS03550,Synpcc7942_0692
SYNPCC7942_RS03555,Synpcc7942_0693
SYNPCC7942_RS03560,Synpcc7942_0694
SYNPCC7942_RS03565,Synpcc7942_0695
SYNPCC7942_RS03570,Synpcc7942_0696
SYNPCC7942_RS03575,Synpcc7942_0697
SYNPCC7942_RS03580,Synpcc7942_0698
SYNPCC7942_RS03585,Synpcc7942_0699
SYNPCC7942_RS03590,Synpcc7942_0700
SYNPCC7942_RS03595,Synpcc7942_0701
SYNPCC7942_RS03600,Synpcc7942_0702
SYNPCC7942_RS03605,Synpcc7942_0703
SYNPCC7942_RS03610,Synpcc7942_0704
SYNPCC7942_RS03615,Synpcc7942_0705
SYNPCC7942_RS03620,Synpcc7942_0706
SYNPCC7942_RS03625,Synpcc7942_0707
SYNPCC7942_RS03630,Synpcc7942_0708
SYNPCC7942_RS03635,Synpcc7942_0709
SYNPCC7942_RS03640,Synpcc7942_0710
SYNPCC7942_RS03645,Synpcc7942_0711
SYNPCC7942_RS03650,Synpcc7942_0712
SYNPCC7942_RS03655,Synpcc7942_0713
SYNPCC7942_RS03660,Synpcc7942_0714
SYNPCC7942_RS03670,Synpcc7942_0715
SYNPCC7942_RS03680,Synpcc7942_0716
SYNPCC7942_RS03685,
SYNPCC7942_RS03695,Synpcc7942_0717
SYNPCC7942_RS03700,Synpcc7942_0718
SYNPCC7942_RS03705,Synpcc7942_0719
SYNPCC7942_RS03710,
SYNPCC7942_RS03715,Synpcc7942_0720
SYNPCC7942_RS03720,
SYNPCC7942_RS03725,Synpcc7942_0721
SYNPCC7942_RS03730,Synpcc7942_0722
SYNPCC7942_RS03735,
SYNPCC7942_RS03745,Synpcc7942_0724
SYNPCC7942_RS03750,Synpcc7942_0725
SYNPCC7942_RS03755,Synpcc7942_0726
SYNPCC7942_RS03760,Synpcc7942_0727
SYNPCC7942_RS03765,Synpcc7942_0728
SYNPCC7942_RS03770,Synpcc7942_0729
SYNPCC7942_RS03775,Synpcc7942_0730
SYNPCC7942_RS03780,Synpcc7942_0731
SYNPCC7942_RS03785,Synpcc7942_0732
SYNPCC7942_RS03790,Synpcc7942_0733
SYNPCC7942_RS03795,Synpcc7942_0734
SYNPCC7942_RS03800,Synpcc7942_0735
SYNPCC7942_RS03805,Synpcc7942_0736
SYNPCC7942_RS03810,Synpcc7942_0737
SYNPCC7942_RS03815,
SYNPCC7942_RS13625,Synpcc7942_0738
SYNPCC7942_RS03825,
SYNPCC7942_RS03830,Synpcc7942_0739
SYNPCC7942_RS03835,Synpcc7942_0740
SYNPCC7942_RS03840,Synpcc7942_0741
SYNPCC7942_RS03845,Synpcc7942_0742
SYNPCC7942_RS03850,Synpcc7942_0743
SYNPCC7942_RS03855,Synpcc7942_0744
SYNPCC7942_RS03860,Synpcc7942_0745
SYNPCC7942_RS03865,Synpcc7942_0746
SYNPCC7942_RS03870,Synpcc7942_0747
SYNPCC7942_RS03875,Synpcc7942_0748
SYNPCC7942_RS03880,Synpcc7942_0749
SYNPCC7942_RS13935,
SYNPCC7942_RS03885,Synpcc7942_0750
SYNPCC7942_RS03890,Synpcc7942_0751
SYNPCC7942_RS03895,Synpcc7942_0752
SYNPCC7942_RS03900,Synpcc7942_0753
SYNPCC7942_RS03910,Synpcc7942_0755
SYNPCC7942_RS03915,
SYNPCC7942_RS13940,
SYNPCC7942_RS03920,Synpcc7942_0756
SYNPCC7942_RS03925,
SYNPCC7942_RS13690,Synpcc7942_0758
SYNPCC7942_RS03930,Synpcc7942_0759
SYNPCC7942_RS03935,Synpcc7942_0760
SYNPCC7942_RS03940,Synpcc7942_0761
SYNPCC7942_RS03950,Synpcc7942_0762
SYNPCC7942_RS03955,
SYNPCC7942_RS03960,Synpcc7942_0764
SYNPCC7942_RS13695,
SYNPCC7942_RS03965,
SYNPCC7942_RS03970,Synpcc7942_0766
SYNPCC7942_RS13700,
SYNPCC7942_RS03975,
SYNPCC7942_RS13950,
SYNPCC7942_RS13955,
SYNPCC7942_RS03985,Synpcc7942_0768
SYNPCC7942_RS03990,Synpcc7942_0769
SYNPCC7942_RS03995,Synpcc7942_0770
SYNPCC7942_RS04000,Synpcc7942_0771
SYNPCC7942_RS04005,Synpcc7942_0772
SYNPCC7942_RS04010,Synpcc7942_0773
SYNPCC7942_RS04015,Synpcc7942_0774
SYNPCC7942_RS04020,Synpcc7942_0775
SYNPCC7942_RS04025,Synpcc7942_0776
SYNPCC7942_RS04030,Synpcc7942_0777
SYNPCC7942_RS04035,Synpcc7942_0778
SYNPCC7942_RS04040,Synpcc7942_0779
SYNPCC7942_RS04045,Synpcc7942_0780
SYNPCC7942_RS04050,Synpcc7942_0781
SYNPCC7942_RS04055,Synpcc7942_0782
SYNPCC7942_RS04060,Synpcc7942_0783
SYNPCC7942_RS13710,Synpcc7942_0784
SYNPCC7942_RS04065,Synpcc7942_0785
SYNPCC7942_RS04070,Synpcc7942_0786
SYNPCC7942_RS04075,Synpcc7942_0787
SYNPCC7942_RS04080,Synpcc7942_0788
SYNPCC7942_RS04085,Synpcc7942_0789
SYNPCC7942_RS04090,Synpcc7942_0790
SYNPCC7942_RS04095,Synpcc7942_0791
SYNPCC7942_RS04100,Synpcc7942_0792
SYNPCC7942_RS04105,Synpcc7942_0793
SYNPCC7942_RS04110,Synpcc7942_0794
SYNPCC7942_RS04115,Synpcc7942_0795
SYNPCC7942_RS04120,Synpcc7942_0796
SYNPCC7942_RS04125,Synpcc7942_0797
SYNPCC7942_RS04130,Synpcc7942_0798
SYNPCC7942_RS04135,Synpcc7942_0799
SYNPCC7942_RS04140,Synpcc7942_0800
SYNPCC7942_RS04145,Synpcc7942_0801
SYNPCC7942_RS04150,Synpcc7942_0802
SYNPCC7942_RS04155,Synpcc7942_0803
SYNPCC7942_RS04160,Synpcc7942_0804
SYNPCC7942_RS04165,Synpcc7942_0805
SYNPCC7942_RS04170,Synpcc7942_0806
SYNPCC7942_RS04175,Synpcc7942_0807
SYNPCC7942_RS04180,Synpcc7942_0808
SYNPCC7942_RS04185,Synpcc7942_0809
SYNPCC7942_RS04190,Synpcc7942_0810
SYNPCC7942_RS04195,Synpcc7942_0811
SYNPCC7942_RS04200,Synpcc7942_0812
SYNPCC7942_RS04205,Synpcc7942_0813
SYNPCC7942_RS04210,Synpcc7942_0814
SYNPCC7942_RS04215,Synpcc7942_0815
SYNPCC7942_RS04220,Synpcc7942_0816
SYNPCC7942_RS04225,Synpcc7942_0817
SYNPCC7942_RS04230,Synpcc7942_0818
SYNPCC7942_RS04235,Synpcc7942_0819
SYNPCC7942_RS04240,Synpcc7942_0820
SYNPCC7942_RS04245,Synpcc7942_0821
SYNPCC7942_RS04250,Synpcc7942_0822
SYNPCC7942_RS04255,Synpcc7942_0823
SYNPCC7942_RS04260,Synpcc7942_0824
SYNPCC7942_RS04265,Synpcc7942_0825
SYNPCC7942_RS04270,Synpcc7942_0826
SYNPCC7942_RS04275,Synpcc7942_0827
SYNPCC7942_RS04280,Synpcc7942_0828
SYNPCC7942_RS04285,Synpcc7942_0829
SYNPCC7942_RS04290,Synpcc7942_0830
SYNPCC7942_RS04295,Synpcc7942_0831
SYNPCC7942_RS04300,
SYNPCC7942_RS04310,Synpcc7942_0833
SYNPCC7942_RS04315,Synpcc7942_0834
SYNPCC7942_RS04320,Synpcc7942_0835
SYNPCC7942_RS04325,Synpcc7942_0836
SYNPCC7942_RS04330,Synpcc7942_0837
SYNPCC7942_RS04335,Synpcc7942_0838
SYNPCC7942_RS04340,Synpcc7942_0839
SYNPCC7942_RS04345,Synpcc7942_0840
SYNPCC7942_RS04350,Synpcc7942_0841
SYNPCC7942_RS04355,Synpcc7942_0842
SYNPCC7942_RS04360,Synpcc7942_0843
SYNPCC7942_RS04365,Synpcc7942_0844
SYNPCC7942_RS04370,Synpcc7942_0846
SYNPCC7942_RS04375,Synpcc7942_0847
SYNPCC7942_RS04380,Synpcc7942_0848
SYNPCC7942_RS13960,
SYNPCC7942_RS04385,Synpcc7942_0849
SYNPCC7942_RS04390,Synpcc7942_0850
SYNPCC7942_RS04395,Synpcc7942_0851
SYNPCC7942_RS13715,
SYNPCC7942_RS04400,Synpcc7942_0853
SYNPCC7942_RS04405,Synpcc7942_0854
SYNPCC7942_RS13965,
SYNPCC7942_RS04410,Synpcc7942_0855
SYNPCC7942_RS04415,Synpcc7942_0856
SYNPCC7942_RS04420,Synpcc7942_0857
SYNPCC7942_RS04425,Synpcc7942_0858
SYNPCC7942_RS04430,Synpcc7942_0859
SYNPCC7942_RS04435,Synpcc7942_0860
SYNPCC7942_RS04440,Synpcc7942_0861
SYNPCC7942_RS04445,Synpcc7942_0862
SYNPCC7942_RS04450,Synpcc7942_0863
SYNPCC7942_RS04455,Synpcc7942_0864
SYNPCC7942_RS04460,Synpcc7942_0865
SYNPCC7942_RS04465,Synpcc7942_0866
SYNPCC7942_RS04470,Synpcc7942_0867
SYNPCC7942_RS04475,Synpcc7942_0868
SYNPCC7942_RS04480,Synpcc7942_0869
SYNPCC7942_RS04485,Synpcc7942_0870
SYNPCC7942_RS04490,Synpcc7942_0871
SYNPCC7942_RS04495,Synpcc7942_0872
SYNPCC7942_RS04500,Synpcc7942_0873
SYNPCC7942_RS04505,Synpcc7942_0874
SYNPCC7942_RS04510,Synpcc7942_0875
SYNPCC7942_RS04515,Synpcc7942_0876
SYNPCC7942_RS04520,Synpcc7942_0877
SYNPCC7942_RS04525,Synpcc7942_0878
SYNPCC7942_RS04530,Synpcc7942_0879
SYNPCC7942_RS04535,Synpcc7942_0880
SYNPCC7942_RS04540,Synpcc7942_0881
SYNPCC7942_RS04545,Synpcc7942_0882
SYNPCC7942_RS04550,Synpcc7942_0883
SYNPCC7942_RS04555,Synpcc7942_0884
SYNPCC7942_RS04560,Synpcc7942_0885
SYNPCC7942_RS04565,Synpcc7942_0886
SYNPCC7942_RS04570,Synpcc7942_0887
SYNPCC7942_RS04575,Synpcc7942_0888
SYNPCC7942_RS04580,Synpcc7942_0889
SYNPCC7942_RS04585,Synpcc7942_0890
SYNPCC7942_RS04590,Synpcc7942_0891
SYNPCC7942_RS04595,Synpcc7942_0892
SYNPCC7942_RS04600,Synpcc7942_0893
SYNPCC7942_RS04605,Synpcc7942_0894
SYNPCC7942_RS04610,Synpcc7942_0895
SYNPCC7942_RS04615,Synpcc7942_0896
SYNPCC7942_RS04620,Synpcc7942_0897
SYNPCC7942_RS04625,Synpcc7942_0898
SYNPCC7942_RS04635,Synpcc7942_0899
SYNPCC7942_RS04640,Synpcc7942_0900
SYNPCC7942_RS04645,Synpcc7942_0901
SYNPCC7942_RS04650,Synpcc7942_0902
SYNPCC7942_RS04655,Synpcc7942_0903
SYNPCC7942_RS04660,Synpcc7942_0904
SYNPCC7942_RS13970,Synpcc7942_0905
SYNPCC7942_RS13975,Synpcc7942_0906
SYNPCC7942_RS13980,Synpcc7942_0907
SYNPCC7942_RS04670,Synpcc7942_0908
SYNPCC7942_RS04675,Synpcc7942_0909
SYNPCC7942_RS04680,Synpcc7942_0910
SYNPCC7942_RS04685,Synpcc7942_0911
SYNPCC7942_RS04690,Synpcc7942_0912
SYNPCC7942_RS04695,Synpcc7942_0913
SYNPCC7942_RS04700,Synpcc7942_0914
SYNPCC7942_RS04705,Synpcc7942_0915
SYNPCC7942_RS13870,Synpcc7942_0916
SYNPCC7942_RS04720,Synpcc7942_0917
SYNPCC7942_RS04725,Synpcc7942_0918
SYNPCC7942_RS04730,Synpcc7942_0919
SYNPCC7942_RS04735,Synpcc7942_0920
SYNPCC7942_RS04740,Synpcc7942_0921
SYNPCC7942_RS04745,Synpcc7942_0922
SYNPCC7942_RS04750,Synpcc7942_0923
SYNPCC7942_RS04755,Synpcc7942_0924
SYNPCC7942_RS04760,Synpcc7942_0925
SYNPCC7942_RS04765,Synpcc7942_0926
SYNPCC7942_RS04770,Synpcc7942_0927
SYNPCC7942_RS04775,Synpcc7942_0928
SYNPCC7942_RS04780,Synpcc7942_0929
SYNPCC7942_RS04785,Synpcc7942_0930
SYNPCC7942_RS04790,Synpcc7942_0931
SYNPCC7942_RS04795,Synpcc7942_0932
SYNPCC7942_RS04800,Synpcc7942_0933
SYNPCC7942_RS04805,Synpcc7942_0934
SYNPCC7942_RS04810,Synpcc7942_0935
SYNPCC7942_RS04815,Synpcc7942_0936
SYNPCC7942_RS04820,Synpcc7942_0937
SYNPCC7942_RS04825,Synpcc7942_0938
SYNPCC7942_RS04830,Synpcc7942_0939
SYNPCC7942_RS04835,Synpcc7942_0940
SYNPCC7942_RS04840,Synpcc7942_0941
SYNPCC7942_RS04845,Synpcc7942_0942
SYNPCC7942_RS04850,Synpcc7942_0943
SYNPCC7942_RS04855,Synpcc7942_0944
SYNPCC7942_RS04860,Synpcc7942_0945
SYNPCC7942_RS04865,Synpcc7942_0946
SYNPCC7942_RS04870,Synpcc7942_0947
SYNPCC7942_RS04875,Synpcc7942_0948
SYNPCC7942_RS04880,Synpcc7942_0949
SYNPCC7942_RS04885,Synpcc7942_0950
SYNPCC7942_RS04890,Synpcc7942_0951
SYNPCC7942_RS04895,Synpcc7942_0952
SYNPCC7942_RS04900,Synpcc7942_0953
SYNPCC7942_RS04905,Synpcc7942_0954
SYNPCC7942_RS04910,Synpcc7942_0955
SYNPCC7942_RS04915,Synpcc7942_0956
SYNPCC7942_RS04920,Synpcc7942_0957
SYNPCC7942_RS04925,Synpcc7942_0958
SYNPCC7942_RS04930,Synpcc7942_0959
SYNPCC7942_RS04935,Synpcc7942_0960
SYNPCC7942_RS04940,Synpcc7942_0961
SYNPCC7942_RS04945,Synpcc7942_0962
SYNPCC7942_RS04950,Synpcc7942_0963
SYNPCC7942_RS04955,Synpcc7942_0964
SYNPCC7942_RS04960,Synpcc7942_0965
SYNPCC7942_RS04965,Synpcc7942_0966
SYNPCC7942_RS04970,Synpcc7942_0967
SYNPCC7942_RS04975,Synpcc7942_0968
SYNPCC7942_RS04980,Synpcc7942_0969
SYNPCC7942_RS04985,Synpcc7942_0970
SYNPCC7942_RS04990,Synpcc7942_0971
SYNPCC7942_RS04995,Synpcc7942_0972
SYNPCC7942_RS05000,
SYNPCC7942_RS05005,Synpcc7942_0975
SYNPCC7942_RS05010,Synpcc7942_0976
SYNPCC7942_RS05015,Synpcc7942_0977
SYNPCC7942_RS05020,Synpcc7942_0978
SYNPCC7942_RS05025,
SYNPCC7942_RS05030,Synpcc7942_0979
SYNPCC7942_RS05035,Synpcc7942_0980
SYNPCC7942_RS05040,Synpcc7942_0981
SYNPCC7942_RS05045,Synpcc7942_0982
SYNPCC7942_RS05050,Synpcc7942_0983
SYNPCC7942_RS05055,Synpcc7942_0984
SYNPCC7942_RS05060,Synpcc7942_0985
SYNPCC7942_RS05065,Synpcc7942_0986
SYNPCC7942_RS05070,Synpcc7942_0987
SYNPCC7942_RS05075,Synpcc7942_0988
SYNPCC7942_RS05080,Synpcc7942_0989
SYNPCC7942_RS13875,Synpcc7942_0990
SYNPCC7942_RS05090,Synpcc7942_0991
SYNPCC7942_RS05095,Synpcc7942_0992
SYNPCC7942_RS05100,Synpcc7942_0993
SYNPCC7942_RS05105,Synpcc7942_0994
SYNPCC7942_RS05110,Synpcc7942_0995
SYNPCC7942_RS05115,Synpcc7942_0996
SYNPCC7942_RS05120,Synpcc7942_0997
SYNPCC7942_RS05125,Synpcc7942_0998
SYNPCC7942_RS13725,Synpcc7942_0999
SYNPCC7942_RS05130,Synpcc7942_1000
SYNPCC7942_RS05135,Synpcc7942_1001
SYNPCC7942_RS05140,Synpcc7942_1002
SYNPCC7942_RS05145,Synpcc7942_1003
SYNPCC7942_RS05150,Synpcc7942_1004
SYNPCC7942_RS05155,Synpcc7942_1005
SYNPCC7942_RS05160,Synpcc7942_1006
SYNPCC7942_RS05170,Synpcc7942_1007
SYNPCC7942_RS05175,Synpcc7942_1008
SYNPCC7942_RS05180,
SYNPCC7942_RS05185,Synpcc7942_1010
SYNPCC7942_RS05190,Synpcc7942_1011
SYNPCC7942_RS05195,Synpcc7942_1012
SYNPCC7942_RS05205,Synpcc7942_1013
SYNPCC7942_RS05210,Synpcc7942_1014
SYNPCC7942_RS05215,Synpcc7942_1015
SYNPCC7942_RS05220,Synpcc7942_1016
SYNPCC7942_RS05230,Synpcc7942_1017
SYNPCC7942_RS05235,Synpcc7942_1018
SYNPCC7942_RS05240,Synpcc7942_1019
SYNPCC7942_RS05245,Synpcc7942_1020
SYNPCC7942_RS05250,Synpcc7942_1021
SYNPCC7942_RS05255,Synpcc7942_1022
SYNPCC7942_RS13730,Synpcc7942_1023
SYNPCC7942_RS05260,Synpcc7942_1024
SYNPCC7942_RS05265,Synpcc7942_1025
SYNPCC7942_RS05270,Synpcc7942_1026
SYNPCC7942_RS05275,Synpcc7942_1027
SYNPCC7942_RS05280,Synpcc7942_1028
SYNPCC7942_RS05285,Synpcc7942_1029
SYNPCC7942_RS05290,Synpcc7942_1030
SYNPCC7942_RS05300,Synpcc7942_1032
SYNPCC7942_RS05305,Synpcc7942_1033
SYNPCC7942_RS05310,Synpcc7942_1034
SYNPCC7942_RS05315,Synpcc7942_1035
SYNPCC7942_RS05320,Synpcc7942_1036
SYNPCC7942_RS05325,Synpcc7942_1037
SYNPCC7942_RS05330,Synpcc7942_1038
SYNPCC7942_RS05335,Synpcc7942_1039
SYNPCC7942_RS05340,Synpcc7942_1040
SYNPCC7942_RS13985,
SYNPCC7942_RS05345,Synpcc7942_1042
SYNPCC7942_RS05350,Synpcc7942_1043
SYNPCC7942_RS05355,Synpcc7942_1044
SYNPCC7942_RS05360,Synpcc7942_1045
SYNPCC7942_RS05365,Synpcc7942_1046
SYNPCC7942_RS05370,Synpcc7942_1047
SYNPCC7942_RS05375,Synpcc7942_1048
SYNPCC7942_RS05380,Synpcc7942_1049
SYNPCC7942_RS05385,Synpcc7942_1050
SYNPCC7942_RS05390,Synpcc7942_1051
SYNPCC7942_RS05395,Synpcc7942_1052
SYNPCC7942_RS05400,Synpcc7942_1053
SYNPCC7942_RS05405,Synpcc7942_1054
SYNPCC7942_RS05410,Synpcc7942_1055
SYNPCC7942_RS05415,Synpcc7942_1056
SYNPCC7942_RS05420,Synpcc7942_1057
SYNPCC7942_RS05425,Synpcc7942_1058
SYNPCC7942_RS05430,Synpcc7942_1059
SYNPCC7942_RS05435,Synpcc7942_1060
SYNPCC7942_RS05440,
SYNPCC7942_RS05445,Synpcc7942_1061
SYNPCC7942_RS05450,Synpcc7942_1062
SYNPCC7942_RS05455,Synpcc7942_1063
SYNPCC7942_RS05460,Synpcc7942_1064
SYNPCC7942_RS05465,Synpcc7942_1065
SYNPCC7942_RS05475,Synpcc7942_1067
SYNPCC7942_RS05480,Synpcc7942_1068
SYNPCC7942_RS05485,Synpcc7942_1069
SYNPCC7942_RS05490,Synpcc7942_1070
SYNPCC7942_RS05495,Synpcc7942_1071
SYNPCC7942_RS05500,Synpcc7942_1072
SYNPCC7942_RS05505,Synpcc7942_1073
SYNPCC7942_RS05510,Synpcc7942_1074
SYNPCC7942_RS05515,Synpcc7942_1075
SYNPCC7942_RS05520,Synpcc7942_1076
SYNPCC7942_RS05525,Synpcc7942_1077
SYNPCC7942_RS05530,Synpcc7942_1078
SYNPCC7942_RS05535,Synpcc7942_1079
SYNPCC7942_RS05545,Synpcc7942_1080
SYNPCC7942_RS05550,Synpcc7942_1081
SYNPCC7942_RS05555,Synpcc7942_1082
SYNPCC7942_RS05560,Synpcc7942_1083
SYNPCC7942_RS05565,
SYNPCC7942_RS05570,Synpcc7942_1085
SYNPCC7942_RS05575,Synpcc7942_1086
SYNPCC7942_RS05580,Synpcc7942_1087
SYNPCC7942_RS05585,Synpcc7942_1088
SYNPCC7942_RS05590,Synpcc7942_1089
SYNPCC7942_RS05595,Synpcc7942_1090
SYNPCC7942_RS05600,Synpcc7942_1091
SYNPCC7942_RS05605,Synpcc7942_1092
SYNPCC7942_RS05610,Synpcc7942_1093
SYNPCC7942_RS05615,Synpcc7942_1094
SYNPCC7942_RS05620,Synpcc7942_1095
SYNPCC7942_RS05625,Synpcc7942_1096
SYNPCC7942_RS05630,Synpcc7942_1098
SYNPCC7942_RS05635,Synpcc7942_1099
SYNPCC7942_RS05640,Synpcc7942_1100
SYNPCC7942_RS05645,Synpcc7942_1101
SYNPCC7942_RS05650,Synpcc7942_1102
SYNPCC7942_RS05655,Synpcc7942_1103
SYNPCC7942_RS05660,Synpcc7942_1104
SYNPCC7942_RS05665,Synpcc7942_1105
SYNPCC7942_RS05670,Synpcc7942_1106
SYNPCC7942_RS05675,Synpcc7942_1107
SYNPCC7942_RS05680,Synpcc7942_1108
SYNPCC7942_RS05685,Synpcc7942_1109
SYNPCC7942_RS05690,Synpcc7942_1110
SYNPCC7942_RS05695,Synpcc7942_1111
SYNPCC7942_RS05700,Synpcc7942_1112
SYNPCC7942_RS05705,Synpcc7942_1113
SYNPCC7942_RS05710,Synpcc7942_1114
SYNPCC7942_RS05715,Synpcc7942_1115
SYNPCC7942_RS05720,Synpcc7942_1116
SYNPCC7942_RS05725,Synpcc7942_1117
SYNPCC7942_RS05730,Synpcc7942_1118
SYNPCC7942_RS05735,Synpcc7942_1119
SYNPCC7942_RS05740,Synpcc7942_1120
SYNPCC7942_RS05745,Synpcc7942_1121
SYNPCC7942_RS13735,Synpcc7942_1122
SYNPCC7942_RS05750,Synpcc7942_1123
SYNPCC7942_RS05755,Synpcc7942_1124
SYNPCC7942_RS05760,Synpcc7942_1125
SYNPCC7942_RS05765,Synpcc7942_1126
SYNPCC7942_RS05770,Synpcc7942_1127
SYNPCC7942_RS05775,Synpcc7942_1128
SYNPCC7942_RS05780,Synpcc7942_1129
SYNPCC7942_RS05785,Synpcc7942_1130
SYNPCC7942_RS05790,Synpcc7942_1131
SYNPCC7942_RS05795,Synpcc7942_1132
SYNPCC7942_RS05800,Synpcc7942_1133
SYNPCC7942_RS05805,Synpcc7942_1134
SYNPCC7942_RS13990,
SYNPCC7942_RS13995,
SYNPCC7942_RS14000,
SYNPCC7942_RS05810,Synpcc7942_1135
SYNPCC7942_RS05815,Synpcc7942_1136
SYNPCC7942_RS05820,Synpcc7942_1137
SYNPCC7942_RS05825,Synpcc7942_1138
SYNPCC7942_RS05830,Synpcc7942_1139
SYNPCC7942_RS05835,Synpcc7942_1140
SYNPCC7942_RS05840,Synpcc7942_1141
SYNPCC7942_RS05845,Synpcc7942_1142
SYNPCC7942_RS05850,Synpcc7942_1143
SYNPCC7942_RS05855,Synpcc7942_1144
SYNPCC7942_RS05865,Synpcc7942_1145
SYNPCC7942_RS05870,Synpcc7942_1146
SYNPCC7942_RS05875,Synpcc7942_1147
SYNPCC7942_RS05880,Synpcc7942_1148
SYNPCC7942_RS05885,Synpcc7942_1149
SYNPCC7942_RS05895,Synpcc7942_1150
SYNPCC7942_RS05900,Synpcc7942_1151
SYNPCC7942_RS05905,Synpcc7942_1152
SYNPCC7942_RS05910,Synpcc7942_1153
SYNPCC7942_RS05915,Synpcc7942_1154
SYNPCC7942_RS05920,Synpcc7942_1155
SYNPCC7942_RS05925,Synpcc7942_1156
SYNPCC7942_RS05930,Synpcc7942_1157
SYNPCC7942_RS05935,Synpcc7942_1158
SYNPCC7942_RS05940,Synpcc7942_1159
SYNPCC7942_RS05945,Synpcc7942_1160
SYNPCC7942_RS05950,Synpcc7942_1161
SYNPCC7942_RS05955,Synpcc7942_1162
SYNPCC7942_RS05960,Synpcc7942_1163
SYNPCC7942_RS13740,
SYNPCC7942_RS05970,Synpcc7942_1164
SYNPCC7942_RS05975,Synpcc7942_1165
SYNPCC7942_RS05980,Synpcc7942_1166
SYNPCC7942_RS05985,Synpcc7942_1167
SYNPCC7942_RS05990,Synpcc7942_1168
SYNPCC7942_RS05995,Synpcc7942_1169
SYNPCC7942_RS06000,Synpcc7942_1170
SYNPCC7942_RS06005,Synpcc7942_1171
SYNPCC7942_RS06010,Synpcc7942_1172
SYNPCC7942_RS06015,Synpcc7942_1173
SYNPCC7942_RS13745,Synpcc7942_1174
SYNPCC7942_RS06020,Synpcc7942_1175
SYNPCC7942_RS06025,Synpcc7942_1176
SYNPCC7942_RS06030,Synpcc7942_1177
SYNPCC7942_RS06035,Synpcc7942_1178
SYNPCC7942_RS06040,Synpcc7942_1179
SYNPCC7942_RS06045,Synpcc7942_1180
SYNPCC7942_RS06050,Synpcc7942_1181
SYNPCC7942_RS06055,Synpcc7942_1182
SYNPCC7942_RS06060,Synpcc7942_1183
SYNPCC7942_RS06065,Synpcc7942_1184
SYNPCC7942_RS06070,Synpcc7942_1185
SYNPCC7942_RS06075,Synpcc7942_1186
SYNPCC7942_RS06080,Synpcc7942_1187
SYNPCC7942_RS06085,Synpcc7942_1188
SYNPCC7942_RS06090,Synpcc7942_1189
SYNPCC7942_RS06095,Synpcc7942_1190
SYNPCC7942_RS06100,Synpcc7942_1191
SYNPCC7942_RS06105,
SYNPCC7942_RS06110,Synpcc7942_1193
SYNPCC7942_RS06115,Synpcc7942_1194
SYNPCC7942_RS06120,
SYNPCC7942_RS06125,Synpcc7942_1196
SYNPCC7942_RS06130,Synpcc7942_1197
SYNPCC7942_RS06135,Synpcc7942_1198
SYNPCC7942_RS06140,Synpcc7942_1199
SYNPCC7942_RS06145,Synpcc7942_1200
SYNPCC7942_RS06150,Synpcc7942_1201
SYNPCC7942_RS06155,Synpcc7942_1202
SYNPCC7942_RS06160,Synpcc7942_1203
SYNPCC7942_RS06165,Synpcc7942_1204
SYNPCC7942_RS06170,Synpcc7942_1205
SYNPCC7942_RS06175,Synpcc7942_1206
SYNPCC7942_RS06180,Synpcc7942_1207
SYNPCC7942_RS06185,Synpcc7942_1208
SYNPCC7942_RS06190,Synpcc7942_1209
SYNPCC7942_RS06195,Synpcc7942_1210
SYNPCC7942_RS06200,Synpcc7942_1211
SYNPCC7942_RS06205,Synpcc7942_1212
SYNPCC7942_RS06210,
SYNPCC7942_RS06215,Synpcc7942_1213
SYNPCC7942_RS06220,Synpcc7942_1214
SYNPCC7942_RS06225,Synpcc7942_1215
SYNPCC7942_RS06230,Synpcc7942_1216
SYNPCC7942_RS06235,Synpcc7942_1217
SYNPCC7942_RS06240,Synpcc7942_1218
SYNPCC7942_RS06245,Synpcc7942_1219
SYNPCC7942_RS06250,Synpcc7942_1220
SYNPCC7942_RS06255,Synpcc7942_1221
SYNPCC7942_RS06260,Synpcc7942_1222
SYNPCC7942_RS06265,Synpcc7942_1223
SYNPCC7942_RS06270,Synpcc7942_1224
SYNPCC7942_RS06275,Synpcc7942_1225
SYNPCC7942_RS06280,Synpcc7942_1226
SYNPCC7942_RS06290,Synpcc7942_1227
SYNPCC7942_RS06295,Synpcc7942_1228
SYNPCC7942_RS06300,Synpcc7942_1229
SYNPCC7942_RS06305,Synpcc7942_1230
SYNPCC7942_RS06310,Synpcc7942_1231
SYNPCC7942_RS06315,Synpcc7942_1232
SYNPCC7942_RS06320,Synpcc7942_1233
SYNPCC7942_RS06325,Synpcc7942_1234
SYNPCC7942_RS06330,Synpcc7942_1235
SYNPCC7942_RS06335,Synpcc7942_1236
SYNPCC7942_RS06340,Synpcc7942_1237
SYNPCC7942_RS06345,Synpcc7942_1238
SYNPCC7942_RS06350,Synpcc7942_1239
SYNPCC7942_RS06355,Synpcc7942_1240
SYNPCC7942_RS06360,Synpcc7942_1241
SYNPCC7942_RS06365,Synpcc7942_1242
SYNPCC7942_RS14005,
SYNPCC7942_RS06370,Synpcc7942_1243
SYNPCC7942_RS06375,Synpcc7942_1244
SYNPCC7942_RS06380,Synpcc7942_1245
SYNPCC7942_RS06385,Synpcc7942_1246
SYNPCC7942_RS06390,Synpcc7942_1247
SYNPCC7942_RS06395,Synpcc7942_1248
SYNPCC7942_RS06400,Synpcc7942_1249
SYNPCC7942_RS06405,Synpcc7942_1250
SYNPCC7942_RS06410,Synpcc7942_1251
SYNPCC7942_RS06415,Synpcc7942_1252
SYNPCC7942_RS06420,Synpcc7942_1253
SYNPCC7942_RS06425,Synpcc7942_1254
SYNPCC7942_RS06430,Synpcc7942_1255
SYNPCC7942_RS06435,Synpcc7942_1256
SYNPCC7942_RS06440,Synpcc7942_1257
SYNPCC7942_RS06445,Synpcc7942_1258
SYNPCC7942_RS06450,Synpcc7942_1259
SYNPCC7942_RS06455,Synpcc7942_1260
SYNPCC7942_RS06460,Synpcc7942_1261
SYNPCC7942_RS06465,Synpcc7942_1262
SYNPCC7942_RS06470,Synpcc7942_1263
SYNPCC7942_RS06475,Synpcc7942_1264
SYNPCC7942_RS06480,Synpcc7942_1265
SYNPCC7942_RS06485,Synpcc7942_1266
SYNPCC7942_RS06490,Synpcc7942_1267
SYNPCC7942_RS06495,Synpcc7942_1268
SYNPCC7942_RS06500,Synpcc7942_1269
SYNPCC7942_RS06505,
SYNPCC7942_RS06510,Synpcc7942_1271
SYNPCC7942_RS06515,Synpcc7942_1272
SYNPCC7942_RS06520,Synpcc7942_1273
SYNPCC7942_RS06525,Synpcc7942_1274
SYNPCC7942_RS06530,Synpcc7942_1275
SYNPCC7942_RS06535,Synpcc7942_1276
SYNPCC7942_RS06540,Synpcc7942_1277
SYNPCC7942_RS06545,Synpcc7942_1278
SYNPCC7942_RS06550,Synpcc7942_1279
SYNPCC7942_RS06555,Synpcc7942_1280
SYNPCC7942_RS06560,Synpcc7942_1281
SYNPCC7942_RS06565,Synpcc7942_1282
SYNPCC7942_RS06570,Synpcc7942_1283
SYNPCC7942_RS06575,Synpcc7942_1284
SYNPCC7942_RS06580,Synpcc7942_1285
SYNPCC7942_RS06585,
SYNPCC7942_RS06590,Synpcc7942_1287
SYNPCC7942_RS06595,Synpcc7942_1288
SYNPCC7942_RS06600,Synpcc7942_1289
SYNPCC7942_RS13750,Synpcc7942_1290
SYNPCC7942_RS06605,Synpcc7942_1291
SYNPCC7942_RS06610,Synpcc7942_1292
SYNPCC7942_RS06615,Synpcc7942_1293
SYNPCC7942_RS06620,Synpcc7942_1294
SYNPCC7942_RS06625,Synpcc7942_1295
SYNPCC7942_RS06630,Synpcc7942_1296
SYNPCC7942_RS06635,Synpcc7942_1297
SYNPCC7942_RS06640,Synpcc7942_1298
SYNPCC7942_RS06645,Synpcc7942_1299
SYNPCC7942_RS06650,Synpcc7942_1300
SYNPCC7942_RS06655,Synpcc7942_1301
SYNPCC7942_RS06660,Synpcc7942_1302
SYNPCC7942_RS06665,Synpcc7942_1303
SYNPCC7942_RS06670,Synpcc7942_1304
SYNPCC7942_RS06675,Synpcc7942_1305
SYNPCC7942_RS06680,Synpcc7942_1306
SYNPCC7942_RS06685,Synpcc7942_1307
SYNPCC7942_RS06690,Synpcc7942_1308
SYNPCC7942_RS06695,Synpcc7942_1309
SYNPCC7942_RS06700,Synpcc7942_1310
SYNPCC7942_RS06705,Synpcc7942_1311
SYNPCC7942_RS06710,Synpcc7942_1312
SYNPCC7942_RS06715,Synpcc7942_1313
SYNPCC7942_RS06720,Synpcc7942_1314
SYNPCC7942_RS06725,Synpcc7942_1315
SYNPCC7942_RS06730,Synpcc7942_1316
SYNPCC7942_RS06735,Synpcc7942_1317
SYNPCC7942_RS06740,Synpcc7942_1318
SYNPCC7942_RS06745,Synpcc7942_1319
SYNPCC7942_RS06750,Synpcc7942_1320
SYNPCC7942_RS06755,Synpcc7942_1321
SYNPCC7942_RS06760,Synpcc7942_1322
SYNPCC7942_RS06765,Synpcc7942_1323
SYNPCC7942_RS06770,Synpcc7942_1324
SYNPCC7942_RS06775,Synpcc7942_1325
SYNPCC7942_RS06780,Synpcc7942_1326
SYNPCC7942_RS06785,Synpcc7942_1327
SYNPCC7942_RS06790,Synpcc7942_1328
SYNPCC7942_RS06795,Synpcc7942_1329
SYNPCC7942_RS06800,Synpcc7942_1330
SYNPCC7942_RS06805,Synpcc7942_1331
SYNPCC7942_RS06810,Synpcc7942_1332
SYNPCC7942_RS06815,Synpcc7942_1333
SYNPCC7942_RS06820,Synpcc7942_1334
SYNPCC7942_RS06825,Synpcc7942_1335
SYNPCC7942_RS06830,Synpcc7942_1336
SYNPCC7942_RS06835,Synpcc7942_1337
SYNPCC7942_RS06840,Synpcc7942_1338
SYNPCC7942_RS06845,Synpcc7942_1339
SYNPCC7942_RS06850,Synpcc7942_1340
SYNPCC7942_RS06855,Synpcc7942_1341
SYNPCC7942_RS06860,Synpcc7942_1342
SYNPCC7942_RS06865,Synpcc7942_1343
SYNPCC7942_RS06870,Synpcc7942_1344
SYNPCC7942_RS06875,Synpcc7942_1345
SYNPCC7942_RS06880,Synpcc7942_1346
SYNPCC7942_RS06885,Synpcc7942_1347
SYNPCC7942_RS06890,Synpcc7942_1348
SYNPCC7942_RS06895,Synpcc7942_1349
SYNPCC7942_RS06900,
SYNPCC7942_RS06905,Synpcc7942_1351
SYNPCC7942_RS06910,Synpcc7942_1352
SYNPCC7942_RS06915,Synpcc7942_1353
SYNPCC7942_RS06920,Synpcc7942_1354
SYNPCC7942_RS06925,Synpcc7942_1355
SYNPCC7942_RS06930,Synpcc7942_1356
SYNPCC7942_RS06935,
SYNPCC7942_RS06940,Synpcc7942_1358
SYNPCC7942_RS06950,Synpcc7942_1359
SYNPCC7942_RS06955,Synpcc7942_1360
SYNPCC7942_RS06960,Synpcc7942_1361
SYNPCC7942_RS06965,Synpcc7942_1362
SYNPCC7942_RS06970,
SYNPCC7942_RS06975,Synpcc7942_1364
SYNPCC7942_RS06985,Synpcc7942_1365
SYNPCC7942_RS06990,Synpcc7942_1366
SYNPCC7942_RS06995,Synpcc7942_1367
SYNPCC7942_RS07000,Synpcc7942_1368
SYNPCC7942_RS07005,Synpcc7942_1369
SYNPCC7942_RS07010,Synpcc7942_1370
SYNPCC7942_RS07015,Synpcc7942_1371
SYNPCC7942_RS14010,
SYNPCC7942_RS07020,Synpcc7942_1372
SYNPCC7942_RS07025,Synpcc7942_1373
SYNPCC7942_RS07030,Synpcc7942_1374
SYNPCC7942_RS07035,Synpcc7942_1375
SYNPCC7942_RS07040,
SYNPCC7942_RS07045,Synpcc7942_1377
SYNPCC7942_RS07050,Synpcc7942_1378
SYNPCC7942_RS07060,Synpcc7942_1379
SYNPCC7942_RS07065,Synpcc7942_1380
SYNPCC7942_RS07070,Synpcc7942_1381
SYNPCC7942_RS07075,
SYNPCC7942_RS07080,Synpcc7942_1383
SYNPCC7942_RS07085,Synpcc7942_1384
SYNPCC7942_RS07090,Synpcc7942_1385
SYNPCC7942_RS07095,Synpcc7942_1386
SYNPCC7942_RS07100,Synpcc7942_1387
SYNPCC7942_RS07105,Synpcc7942_1388
SYNPCC7942_RS07110,Synpcc7942_1389
SYNPCC7942_RS07115,Synpcc7942_1390
SYNPCC7942_RS07120,Synpcc7942_1391
SYNPCC7942_RS07125,Synpcc7942_1392
SYNPCC7942_RS07130,Synpcc7942_1393
SYNPCC7942_RS07135,Synpcc7942_1394
SYNPCC7942_RS07140,Synpcc7942_1395
SYNPCC7942_RS07145,Synpcc7942_1396
SYNPCC7942_RS07150,Synpcc7942_1397
SYNPCC7942_RS07155,Synpcc7942_1398
SYNPCC7942_RS07160,Synpcc7942_1399
SYNPCC7942_RS07165,Synpcc7942_1400
SYNPCC7942_RS07170,Synpcc7942_1401
SYNPCC7942_RS07175,Synpcc7942_1402
SYNPCC7942_RS07180,Synpcc7942_1403
SYNPCC7942_RS07185,Synpcc7942_1404
SYNPCC7942_RS07190,Synpcc7942_1405
SYNPCC7942_RS07195,Synpcc7942_1406
SYNPCC7942_RS07200,Synpcc7942_1407
SYNPCC7942_RS07205,Synpcc7942_1408
SYNPCC7942_RS07210,Synpcc7942_1409
SYNPCC7942_RS07215,Synpcc7942_1410
SYNPCC7942_RS07220,Synpcc7942_1411
SYNPCC7942_RS07225,Synpcc7942_1412
SYNPCC7942_RS07230,Synpcc7942_1413
SYNPCC7942_RS07235,Synpcc7942_1414
SYNPCC7942_RS07240,Synpcc7942_1415
SYNPCC7942_RS07245,Synpcc7942_1416
SYNPCC7942_RS07250,Synpcc7942_1417
SYNPCC7942_RS07255,Synpcc7942_1418
SYNPCC7942_RS07260,Synpcc7942_1419
SYNPCC7942_RS07265,Synpcc7942_1420
SYNPCC7942_RS07270,Synpcc7942_1421
SYNPCC7942_RS07275,Synpcc7942_1422
SYNPCC7942_RS07280,Synpcc7942_1423
SYNPCC7942_RS07285,Synpcc7942_1424
SYNPCC7942_RS07290,Synpcc7942_1425
SYNPCC7942_RS07295,Synpcc7942_1426
SYNPCC7942_RS07300,Synpcc7942_1427
SYNPCC7942_RS07305,Synpcc7942_1428
SYNPCC7942_RS07310,Synpcc7942_1429
SYNPCC7942_RS07315,Synpcc7942_1430
SYNPCC7942_RS07320,Synpcc7942_1431
SYNPCC7942_RS07325,Synpcc7942_1432
SYNPCC7942_RS07330,Synpcc7942_1433
SYNPCC7942_RS07335,Synpcc7942_1434
SYNPCC7942_RS07340,Synpcc7942_1435
SYNPCC7942_RS07345,Synpcc7942_1436
SYNPCC7942_RS07350,Synpcc7942_1437
SYNPCC7942_RS07355,Synpcc7942_1438
SYNPCC7942_RS07360,Synpcc7942_1439
SYNPCC7942_RS07365,Synpcc7942_1440
SYNPCC7942_RS07370,Synpcc7942_1441
SYNPCC7942_RS07375,Synpcc7942_1442
SYNPCC7942_RS07385,Synpcc7942_1443
SYNPCC7942_RS07395,Synpcc7942_1445
SYNPCC7942_RS07400,Synpcc7942_1446
SYNPCC7942_RS07405,Synpcc7942_1447
SYNPCC7942_RS07410,Synpcc7942_1448
SYNPCC7942_RS07415,Synpcc7942_1449
SYNPCC7942_RS07420,Synpcc7942_1450
SYNPCC7942_RS07425,Synpcc7942_1451
SYNPCC7942_RS07430,Synpcc7942_1452
SYNPCC7942_RS07435,Synpcc7942_1453
SYNPCC7942_RS07440,Synpcc7942_1454
SYNPCC7942_RS07445,Synpcc7942_1455
SYNPCC7942_RS07450,Synpcc7942_1456
SYNPCC7942_RS07455,Synpcc7942_1457
SYNPCC7942_RS07460,Synpcc7942_1458
SYNPCC7942_RS07465,Synpcc7942_1459
SYNPCC7942_RS07470,Synpcc7942_1460
SYNPCC7942_RS07475,Synpcc7942_1461
SYNPCC7942_RS07480,Synpcc7942_1462
SYNPCC7942_RS07485,Synpcc7942_1463
SYNPCC7942_RS07490,Synpcc7942_1464
SYNPCC7942_RS07495,Synpcc7942_1465
SYNPCC7942_RS07500,Synpcc7942_1466
SYNPCC7942_RS07505,Synpcc7942_1467
SYNPCC7942_RS07510,Synpcc7942_1468
SYNPCC7942_RS07515,Synpcc7942_1469
SYNPCC7942_RS13760,Synpcc7942_1470
SYNPCC7942_RS07520,Synpcc7942_1471
SYNPCC7942_RS07525,Synpcc7942_1472
SYNPCC7942_RS07530,Synpcc7942_1473
SYNPCC7942_RS07535,Synpcc7942_1474
SYNPCC7942_RS07540,Synpcc7942_1475
SYNPCC7942_RS07545,Synpcc7942_1476
SYNPCC7942_RS07550,Synpcc7942_1477
SYNPCC7942_RS07555,
SYNPCC7942_RS07560,Synpcc7942_1479
SYNPCC7942_RS07565,Synpcc7942_1480
SYNPCC7942_RS07570,Synpcc7942_1481
SYNPCC7942_RS07575,Synpcc7942_1482
SYNPCC7942_RS07580,Synpcc7942_1483
SYNPCC7942_RS07585,Synpcc7942_1484
SYNPCC7942_RS07590,Synpcc7942_1485
SYNPCC7942_RS07595,Synpcc7942_1486
SYNPCC7942_RS07600,Synpcc7942_1487
SYNPCC7942_RS07605,Synpcc7942_1488
SYNPCC7942_RS07610,Synpcc7942_1489
SYNPCC7942_RS07615,Synpcc7942_1490
SYNPCC7942_RS07620,Synpcc7942_1491
SYNPCC7942_RS07625,Synpcc7942_1492
SYNPCC7942_RS07630,Synpcc7942_1493
SYNPCC7942_RS07635,Synpcc7942_1494
SYNPCC7942_RS07640,Synpcc7942_1495
SYNPCC7942_RS07645,Synpcc7942_1496
SYNPCC7942_RS07650,Synpcc7942_1497
SYNPCC7942_RS07655,Synpcc7942_1498
SYNPCC7942_RS14015,
SYNPCC7942_RS07660,Synpcc7942_1499
SYNPCC7942_RS07665,Synpcc7942_1500
SYNPCC7942_RS07670,Synpcc7942_1501
SYNPCC7942_RS07675,Synpcc7942_1502
SYNPCC7942_RS07680,Synpcc7942_1503
SYNPCC7942_RS07685,Synpcc7942_1504
SYNPCC7942_RS07690,Synpcc7942_1505
SYNPCC7942_RS07695,Synpcc7942_1506
SYNPCC7942_RS07705,Synpcc7942_1507
SYNPCC7942_RS07710,Synpcc7942_1508
SYNPCC7942_RS07715,Synpcc7942_1509
SYNPCC7942_RS07720,Synpcc7942_1510
SYNPCC7942_RS07725,Synpcc7942_1511
SYNPCC7942_RS07730,Synpcc7942_1512
SYNPCC7942_RS07735,Synpcc7942_1513
SYNPCC7942_RS07740,Synpcc7942_1514
SYNPCC7942_RS07745,Synpcc7942_1515
SYNPCC7942_RS07750,Synpcc7942_1516
SYNPCC7942_RS07755,Synpcc7942_1517
SYNPCC7942_RS07760,Synpcc7942_1518
SYNPCC7942_RS07765,Synpcc7942_1519
SYNPCC7942_RS07770,Synpcc7942_1520
SYNPCC7942_RS07775,Synpcc7942_1521
SYNPCC7942_RS07780,Synpcc7942_1522
SYNPCC7942_RS07785,Synpcc7942_1523
SYNPCC7942_RS07790,Synpcc7942_1524
SYNPCC7942_RS07795,Synpcc7942_1525
SYNPCC7942_RS07800,Synpcc7942_1526
SYNPCC7942_RS07805,Synpcc7942_1527
SYNPCC7942_RS07810,Synpcc7942_1528
SYNPCC7942_RS07815,Synpcc7942_1529
SYNPCC7942_RS07820,Synpcc7942_1530
SYNPCC7942_RS07825,Synpcc7942_1531
SYNPCC7942_RS07830,Synpcc7942_1532
SYNPCC7942_RS07835,Synpcc7942_1533
SYNPCC7942_RS07840,Synpcc7942_1534
SYNPCC7942_RS07845,Synpcc7942_1535
SYNPCC7942_RS07850,Synpcc7942_1536
SYNPCC7942_RS07860,Synpcc7942_1538
SYNPCC7942_RS13765,Synpcc7942_1539
SYNPCC7942_RS13770,Synpcc7942_1540
SYNPCC7942_RS07865,Synpcc7942_1541
SYNPCC7942_RS07870,Synpcc7942_1542
SYNPCC7942_RS07875,Synpcc7942_1544
SYNPCC7942_RS07880,Synpcc7942_1545
SYNPCC7942_RS07885,Synpcc7942_1546
SYNPCC7942_RS07890,Synpcc7942_1547
SYNPCC7942_RS07895,Synpcc7942_1548
SYNPCC7942_RS07900,Synpcc7942_1549
SYNPCC7942_RS07905,Synpcc7942_1550
SYNPCC7942_RS07910,Synpcc7942_1551
SYNPCC7942_RS07915,Synpcc7942_1552
SYNPCC7942_RS07920,Synpcc7942_1553
SYNPCC7942_RS07925,Synpcc7942_1554
SYNPCC7942_RS07930,Synpcc7942_1555
SYNPCC7942_RS07935,Synpcc7942_1556
SYNPCC7942_RS07940,Synpcc7942_1557
SYNPCC7942_RS07945,
SYNPCC7942_RS07950,Synpcc7942_1558
SYNPCC7942_RS07955,Synpcc7942_1559
SYNPCC7942_RS14020,
SYNPCC7942_RS14025,
SYNPCC7942_RS07965,Synpcc7942_1561
SYNPCC7942_RS07970,Synpcc7942_1562
SYNPCC7942_RS07975,
SYNPCC7942_RS14030,
SYNPCC7942_RS07980,Synpcc7942_1563
SYNPCC7942_RS07985,Synpcc7942_1564
SYNPCC7942_RS07995,Synpcc7942_1565
SYNPCC7942_RS08000,Synpcc7942_1566
SYNPCC7942_RS08005,Synpcc7942_1567
SYNPCC7942_RS14035,
SYNPCC7942_RS08010,Synpcc7942_1568
SYNPCC7942_RS08015,Synpcc7942_1569
SYNPCC7942_RS08020,Synpcc7942_1570
SYNPCC7942_RS08025,Synpcc7942_1571
SYNPCC7942_RS08030,Synpcc7942_1572
SYNPCC7942_RS08035,Synpcc7942_1573
SYNPCC7942_RS08040,Synpcc7942_1574
SYNPCC7942_RS08045,Synpcc7942_1575
SYNPCC7942_RS08050,Synpcc7942_1576
SYNPCC7942_RS08055,Synpcc7942_1577
SYNPCC7942_RS08060,Synpcc7942_1578
SYNPCC7942_RS08065,Synpcc7942_1579
SYNPCC7942_RS08070,Synpcc7942_1580
SYNPCC7942_RS13780,
SYNPCC7942_RS08075,Synpcc7942_1581
SYNPCC7942_RS08080,Synpcc7942_1582
SYNPCC7942_RS08085,Synpcc7942_1583
SYNPCC7942_RS08090,Synpcc7942_1584
SYNPCC7942_RS08095,Synpcc7942_1585
SYNPCC7942_RS08100,Synpcc7942_1586
SYNPCC7942_RS08105,Synpcc7942_1587
SYNPCC7942_RS08110,Synpcc7942_1588
SYNPCC7942_RS08115,Synpcc7942_1589
SYNPCC7942_RS08120,Synpcc7942_1590
SYNPCC7942_RS08125,Synpcc7942_1591
SYNPCC7942_RS08130,Synpcc7942_1592
SYNPCC7942_RS08135,Synpcc7942_1593
SYNPCC7942_RS08140,Synpcc7942_1594
SYNPCC7942_RS08145,Synpcc7942_1595
SYNPCC7942_RS08150,Synpcc7942_1596
SYNPCC7942_RS08155,Synpcc7942_1597
SYNPCC7942_RS08160,Synpcc7942_1598
SYNPCC7942_RS08165,Synpcc7942_1599
SYNPCC7942_RS08170,Synpcc7942_1600
SYNPCC7942_RS13785,Synpcc7942_1601
SYNPCC7942_RS08175,Synpcc7942_1602
SYNPCC7942_RS08180,Synpcc7942_1603
SYNPCC7942_RS08185,Synpcc7942_1604
SYNPCC7942_RS08190,Synpcc7942_1605
SYNPCC7942_RS08195,Synpcc7942_1606
SYNPCC7942_RS08200,Synpcc7942_1607
SYNPCC7942_RS08205,Synpcc7942_1608
SYNPCC7942_RS08210,Synpcc7942_1609
SYNPCC7942_RS08215,Synpcc7942_1610
SYNPCC7942_RS08220,Synpcc7942_1611
SYNPCC7942_RS08225,Synpcc7942_1612
SYNPCC7942_RS08230,Synpcc7942_1613
SYNPCC7942_RS08235,Synpcc7942_1614
SYNPCC7942_RS08240,Synpcc7942_1615
SYNPCC7942_RS08245,Synpcc7942_1616
SYNPCC7942_RS08250,Synpcc7942_1617
SYNPCC7942_RS08255,Synpcc7942_1618
SYNPCC7942_RS08260,Synpcc7942_1619
SYNPCC7942_RS08265,Synpcc7942_1620
SYNPCC7942_RS08270,Synpcc7942_1621
SYNPCC7942_RS08275,Synpcc7942_1622
SYNPCC7942_RS08280,Synpcc7942_1623
SYNPCC7942_RS08285,Synpcc7942_1624
SYNPCC7942_RS08290,Synpcc7942_1625
SYNPCC7942_RS08295,Synpcc7942_1626
SYNPCC7942_RS08300,Synpcc7942_1627
SYNPCC7942_RS08305,Synpcc7942_1628
SYNPCC7942_RS08310,Synpcc7942_1629
SYNPCC7942_RS08315,Synpcc7942_1630
SYNPCC7942_RS08320,Synpcc7942_1631
SYNPCC7942_RS14040,
SYNPCC7942_RS08325,Synpcc7942_1632
SYNPCC7942_RS08330,Synpcc7942_1633
SYNPCC7942_RS08335,Synpcc7942_1634
SYNPCC7942_RS08340,Synpcc7942_1635
SYNPCC7942_RS08345,
SYNPCC7942_RS08350,Synpcc7942_1637
SYNPCC7942_RS08355,Synpcc7942_1638
SYNPCC7942_RS08360,Synpcc7942_1639
SYNPCC7942_RS08365,Synpcc7942_1640
SYNPCC7942_RS08370,Synpcc7942_1641
SYNPCC7942_RS08375,Synpcc7942_1642
SYNPCC7942_RS08380,Synpcc7942_1643
SYNPCC7942_RS08385,Synpcc7942_1644
SYNPCC7942_RS08390,Synpcc7942_1645
SYNPCC7942_RS08395,Synpcc7942_1646
SYNPCC7942_RS08400,Synpcc7942_1647
SYNPCC7942_RS08405,Synpcc7942_1648
SYNPCC7942_RS08410,Synpcc7942_1649
SYNPCC7942_RS08415,Synpcc7942_1650
SYNPCC7942_RS08420,Synpcc7942_1651
SYNPCC7942_RS08425,Synpcc7942_1652
SYNPCC7942_RS08430,Synpcc7942_1653
SYNPCC7942_RS08435,Synpcc7942_1654
SYNPCC7942_RS08440,Synpcc7942_1655
SYNPCC7942_RS08445,Synpcc7942_1656
SYNPCC7942_RS08450,Synpcc7942_1657
SYNPCC7942_RS08455,Synpcc7942_1658
SYNPCC7942_RS08460,Synpcc7942_1659
SYNPCC7942_RS08465,Synpcc7942_1660
SYNPCC7942_RS08470,Synpcc7942_1661
SYNPCC7942_RS08475,Synpcc7942_1662
SYNPCC7942_RS13630,Synpcc7942_1663
SYNPCC7942_RS08485,Synpcc7942_1664
SYNPCC7942_RS08490,Synpcc7942_1665
SYNPCC7942_RS08495,Synpcc7942_1666
SYNPCC7942_RS08500,Synpcc7942_1667
SYNPCC7942_RS08505,Synpcc7942_1668
SYNPCC7942_RS08510,Synpcc7942_1669
SYNPCC7942_RS13880,Synpcc7942_1670
SYNPCC7942_RS08515,Synpcc7942_1671
SYNPCC7942_RS08520,Synpcc7942_1672
SYNPCC7942_RS08525,Synpcc7942_1673
SYNPCC7942_RS08530,Synpcc7942_1674
SYNPCC7942_RS08535,Synpcc7942_1675
SYNPCC7942_RS08540,Synpcc7942_1676
SYNPCC7942_RS08545,Synpcc7942_1677
SYNPCC7942_RS08550,Synpcc7942_1678
SYNPCC7942_RS08555,Synpcc7942_1679
SYNPCC7942_RS08560,Synpcc7942_1680
SYNPCC7942_RS08565,Synpcc7942_1681
SYNPCC7942_RS08570,Synpcc7942_1682
SYNPCC7942_RS08575,Synpcc7942_1683
SYNPCC7942_RS08580,Synpcc7942_1684
SYNPCC7942_RS08585,Synpcc7942_1685
SYNPCC7942_RS08590,Synpcc7942_1686
SYNPCC7942_RS08595,Synpcc7942_1687
SYNPCC7942_RS08600,Synpcc7942_1688
SYNPCC7942_RS08605,Synpcc7942_1689
SYNPCC7942_RS14045,Synpcc7942_1690
SYNPCC7942_RS08610,Synpcc7942_1691
SYNPCC7942_RS08615,Synpcc7942_1692
SYNPCC7942_RS08620,Synpcc7942_1693
SYNPCC7942_RS08625,Synpcc7942_1694
SYNPCC7942_RS08630,Synpcc7942_1695
SYNPCC7942_RS08635,Synpcc7942_1696
SYNPCC7942_RS08640,Synpcc7942_1697
SYNPCC7942_RS08645,Synpcc7942_1698
SYNPCC7942_RS08650,Synpcc7942_1699
SYNPCC7942_RS08655,Synpcc7942_1700
SYNPCC7942_RS08660,Synpcc7942_1701
SYNPCC7942_RS14050,Synpcc7942_1702
SYNPCC7942_RS08670,Synpcc7942_1703
SYNPCC7942_RS08675,Synpcc7942_1704
SYNPCC7942_RS13795,Synpcc7942_1705
SYNPCC7942_RS08680,Synpcc7942_1706
SYNPCC7942_RS08685,Synpcc7942_1707
SYNPCC7942_RS08690,Synpcc7942_1708
SYNPCC7942_RS08695,Synpcc7942_1709
SYNPCC7942_RS08700,Synpcc7942_1710
SYNPCC7942_RS08705,Synpcc7942_1711
SYNPCC7942_RS08710,Synpcc7942_1712
SYNPCC7942_RS08715,Synpcc7942_1713
SYNPCC7942_RS08720,Synpcc7942_1714
SYNPCC7942_RS08725,Synpcc7942_1715
SYNPCC7942_RS08730,Synpcc7942_1716
SYNPCC7942_RS08735,Synpcc7942_1717
SYNPCC7942_RS08740,Synpcc7942_1718
SYNPCC7942_RS08745,Synpcc7942_1719
SYNPCC7942_RS08750,Synpcc7942_1720
SYNPCC7942_RS08755,
SYNPCC7942_RS08760,Synpcc7942_1721
SYNPCC7942_RS08765,Synpcc7942_1722
SYNPCC7942_RS08770,Synpcc7942_1723
SYNPCC7942_RS08775,Synpcc7942_1724
SYNPCC7942_RS08780,Synpcc7942_1725
SYNPCC7942_RS08785,Synpcc7942_1726
SYNPCC7942_RS08790,Synpcc7942_1727
SYNPCC7942_RS08795,Synpcc7942_1728
SYNPCC7942_RS08800,Synpcc7942_1729
SYNPCC7942_RS08805,Synpcc7942_1730
SYNPCC7942_RS08810,Synpcc7942_1731
SYNPCC7942_RS08815,Synpcc7942_1732
SYNPCC7942_RS08820,Synpcc7942_1733
SYNPCC7942_RS08825,Synpcc7942_1734
SYNPCC7942_RS08830,Synpcc7942_1735
SYNPCC7942_RS08835,Synpcc7942_1736
SYNPCC7942_RS08840,Synpcc7942_1737
SYNPCC7942_RS08845,Synpcc7942_1738
SYNPCC7942_RS08850,Synpcc7942_1739
SYNPCC7942_RS08855,Synpcc7942_1740
SYNPCC7942_RS08860,Synpcc7942_1741
SYNPCC7942_RS08865,Synpcc7942_1742
SYNPCC7942_RS08870,Synpcc7942_1743
SYNPCC7942_RS08875,Synpcc7942_1744
SYNPCC7942_RS08880,Synpcc7942_1745
SYNPCC7942_RS08885,Synpcc7942_1746
SYNPCC7942_RS08890,Synpcc7942_1747
SYNPCC7942_RS08895,Synpcc7942_1748
SYNPCC7942_RS08900,Synpcc7942_1749
SYNPCC7942_RS08905,Synpcc7942_1750
SYNPCC7942_RS08910,Synpcc7942_1751
SYNPCC7942_RS08915,Synpcc7942_1752
SYNPCC7942_RS08920,Synpcc7942_1753
SYNPCC7942_RS08925,Synpcc7942_1755
SYNPCC7942_RS08930,
SYNPCC7942_RS14055,
SYNPCC7942_RS08935,Synpcc7942_1758
SYNPCC7942_RS14060,Synpcc7942_1759
SYNPCC7942_RS08945,Synpcc7942_1760
SYNPCC7942_RS08950,Synpcc7942_1761
SYNPCC7942_RS08955,Synpcc7942_1762
SYNPCC7942_RS08960,Synpcc7942_1763
SYNPCC7942_RS08965,Synpcc7942_1764
SYNPCC7942_RS08970,
SYNPCC7942_RS08975,Synpcc7942_1766
SYNPCC7942_RS08980,Synpcc7942_1767
SYNPCC7942_RS08985,Synpcc7942_1768
SYNPCC7942_RS08990,Synpcc7942_1769
SYNPCC7942_RS08995,Synpcc7942_1770
SYNPCC7942_RS09000,Synpcc7942_1771
SYNPCC7942_RS09005,Synpcc7942_1772
SYNPCC7942_RS09010,Synpcc7942_1773
SYNPCC7942_RS09015,Synpcc7942_1774
SYNPCC7942_RS09020,Synpcc7942_1775
SYNPCC7942_RS09025,Synpcc7942_1776
SYNPCC7942_RS09030,Synpcc7942_1777
SYNPCC7942_RS09035,Synpcc7942_1778
SYNPCC7942_RS09040,Synpcc7942_1779
SYNPCC7942_RS09045,Synpcc7942_1780
SYNPCC7942_RS09050,Synpcc7942_1781
SYNPCC7942_RS09055,Synpcc7942_1782
SYNPCC7942_RS09060,Synpcc7942_1783
SYNPCC7942_RS09065,Synpcc7942_1784
SYNPCC7942_RS09070,Synpcc7942_1785
SYNPCC7942_RS09075,Synpcc7942_1786
SYNPCC7942_RS09080,Synpcc7942_1787
SYNPCC7942_RS09085,Synpcc7942_1788
SYNPCC7942_RS09090,Synpcc7942_1789
SYNPCC7942_RS09095,Synpcc7942_1790
SYNPCC7942_RS09100,Synpcc7942_1791
SYNPCC7942_RS09105,Synpcc7942_1792
SYNPCC7942_RS09110,Synpcc7942_1793
SYNPCC7942_RS09115,Synpcc7942_1794
SYNPCC7942_RS09120,Synpcc7942_1795
SYNPCC7942_RS09125,Synpcc7942_1796
SYNPCC7942_RS09130,Synpcc7942_1797
SYNPCC7942_RS09135,Synpcc7942_1798
SYNPCC7942_RS09140,Synpcc7942_1799
SYNPCC7942_RS09145,Synpcc7942_1800
SYNPCC7942_RS09150,Synpcc7942_1801
SYNPCC7942_RS09155,Synpcc7942_1802
SYNPCC7942_RS09160,Synpcc7942_1803
SYNPCC7942_RS09165,Synpcc7942_1804
SYNPCC7942_RS09170,Synpcc7942_1805
SYNPCC7942_RS09175,Synpcc7942_1806
SYNPCC7942_RS09180,Synpcc7942_1807
SYNPCC7942_RS09185,Synpcc7942_1808
SYNPCC7942_RS09190,Synpcc7942_1809
SYNPCC7942_RS09195,Synpcc7942_1810
SYNPCC7942_RS09200,Synpcc7942_1811
SYNPCC7942_RS14065,Synpcc7942_1812
SYNPCC7942_RS09205,Synpcc7942_1813
SYNPCC7942_RS09210,Synpcc7942_1814
SYNPCC7942_RS09215,Synpcc7942_1815
SYNPCC7942_RS09220,Synpcc7942_1816
SYNPCC7942_RS09225,Synpcc7942_1817
SYNPCC7942_RS09230,Synpcc7942_1818
SYNPCC7942_RS09235,Synpcc7942_1819
SYNPCC7942_RS09240,Synpcc7942_1820
SYNPCC7942_RS09245,Synpcc7942_1821
SYNPCC7942_RS09250,Synpcc7942_1823
SYNPCC7942_RS09255,Synpcc7942_1824
SYNPCC7942_RS09260,Synpcc7942_1825
SYNPCC7942_RS09265,Synpcc7942_1826
SYNPCC7942_RS09270,Synpcc7942_1827
SYNPCC7942_RS09275,Synpcc7942_1828
SYNPCC7942_RS09280,Synpcc7942_1829
SYNPCC7942_RS09285,Synpcc7942_1830
SYNPCC7942_RS09290,Synpcc7942_1831
SYNPCC7942_RS09295,Synpcc7942_1832
SYNPCC7942_RS09300,Synpcc7942_1833
SYNPCC7942_RS09305,Synpcc7942_1834
SYNPCC7942_RS09310,Synpcc7942_1835
SYNPCC7942_RS09315,Synpcc7942_1836
SYNPCC7942_RS09320,Synpcc7942_1837
SYNPCC7942_RS09325,Synpcc7942_1838
SYNPCC7942_RS09330,Synpcc7942_1839
SYNPCC7942_RS09335,Synpcc7942_1840
SYNPCC7942_RS09340,Synpcc7942_1841
SYNPCC7942_RS09345,Synpcc7942_1842
SYNPCC7942_RS09350,Synpcc7942_1843
SYNPCC7942_RS09355,Synpcc7942_1844
SYNPCC7942_RS09360,Synpcc7942_1845
SYNPCC7942_RS09365,Synpcc7942_1846
SYNPCC7942_RS09370,Synpcc7942_1847
SYNPCC7942_RS09375,Synpcc7942_1848
SYNPCC7942_RS09380,Synpcc7942_1849
SYNPCC7942_RS09385,Synpcc7942_1850
SYNPCC7942_RS09390,Synpcc7942_1851
SYNPCC7942_RS09395,Synpcc7942_1852
SYNPCC7942_RS09400,Synpcc7942_1853
SYNPCC7942_RS09405,Synpcc7942_1854
SYNPCC7942_RS09410,Synpcc7942_1855
SYNPCC7942_RS09415,Synpcc7942_1856
SYNPCC7942_RS09420,Synpcc7942_1857
SYNPCC7942_RS09425,Synpcc7942_1858
SYNPCC7942_RS09430,Synpcc7942_1859
SYNPCC7942_RS09435,Synpcc7942_1860
SYNPCC7942_RS09440,Synpcc7942_1861
SYNPCC7942_RS09445,Synpcc7942_1862
SYNPCC7942_RS09450,Synpcc7942_1863
SYNPCC7942_RS09455,Synpcc7942_1864
SYNPCC7942_RS09460,
SYNPCC7942_RS09465,Synpcc7942_1865
SYNPCC7942_RS09470,Synpcc7942_1866
SYNPCC7942_RS09475,Synpcc7942_1867
SYNPCC7942_RS09480,Synpcc7942_1868
SYNPCC7942_RS09485,Synpcc7942_1869
SYNPCC7942_RS09490,Synpcc7942_1870
SYNPCC7942_RS13800,Synpcc7942_1871
SYNPCC7942_RS09495,Synpcc7942_1872
SYNPCC7942_RS09500,Synpcc7942_1873
SYNPCC7942_RS09505,Synpcc7942_1874
SYNPCC7942_RS09510,Synpcc7942_1875
SYNPCC7942_RS09515,
SYNPCC7942_RS09520,Synpcc7942_1877
SYNPCC7942_RS09525,Synpcc7942_1878
SYNPCC7942_RS09530,Synpcc7942_1879
SYNPCC7942_RS09535,Synpcc7942_1880
SYNPCC7942_RS09540,Synpcc7942_1881
SYNPCC7942_RS09545,Synpcc7942_1882
SYNPCC7942_RS09550,Synpcc7942_1883
SYNPCC7942_RS09555,Synpcc7942_1884
SYNPCC7942_RS09560,Synpcc7942_1885
SYNPCC7942_RS09565,Synpcc7942_1886
SYNPCC7942_RS09570,Synpcc7942_1887
SYNPCC7942_RS09575,Synpcc7942_1888
SYNPCC7942_RS09580,Synpcc7942_1889
SYNPCC7942_RS09585,Synpcc7942_1890
SYNPCC7942_RS09590,Synpcc7942_1891
SYNPCC7942_RS09595,Synpcc7942_1892
SYNPCC7942_RS09600,Synpcc7942_1893
SYNPCC7942_RS09605,Synpcc7942_1894
SYNPCC7942_RS09610,Synpcc7942_1895
SYNPCC7942_RS09615,Synpcc7942_1896
SYNPCC7942_RS09620,Synpcc7942_1897
SYNPCC7942_RS09625,Synpcc7942_1898
SYNPCC7942_RS09630,Synpcc7942_1899
SYNPCC7942_RS09635,Synpcc7942_1900
SYNPCC7942_RS09640,Synpcc7942_1901
SYNPCC7942_RS09645,Synpcc7942_1902
SYNPCC7942_RS09650,Synpcc7942_1903
SYNPCC7942_RS09655,Synpcc7942_1904
SYNPCC7942_RS09660,Synpcc7942_1905
SYNPCC7942_RS09665,Synpcc7942_1906
SYNPCC7942_RS09670,Synpcc7942_1907
SYNPCC7942_RS09675,Synpcc7942_1908
SYNPCC7942_RS09680,Synpcc7942_1909
SYNPCC7942_RS09685,Synpcc7942_1910
SYNPCC7942_RS09690,Synpcc7942_1911
SYNPCC7942_RS09700,Synpcc7942_1912
SYNPCC7942_RS09705,Synpcc7942_1912a
SYNPCC7942_RS09710,Synpcc7942_1913
SYNPCC7942_RS09715,Synpcc7942_1914
SYNPCC7942_RS09720,Synpcc7942_1915
SYNPCC7942_RS09725,Synpcc7942_1916
SYNPCC7942_RS09730,Synpcc7942_1917
SYNPCC7942_RS09735,Synpcc7942_1918
SYNPCC7942_RS09740,Synpcc7942_1919
SYNPCC7942_RS09745,Synpcc7942_1920
SYNPCC7942_RS09750,Synpcc7942_1921
SYNPCC7942_RS09755,Synpcc7942_1922
SYNPCC7942_RS09760,Synpcc7942_1923
SYNPCC7942_RS09765,Synpcc7942_1924
SYNPCC7942_RS09770,Synpcc7942_1925
SYNPCC7942_RS09775,Synpcc7942_1926
SYNPCC7942_RS09780,Synpcc7942_1927
SYNPCC7942_RS09785,Synpcc7942_1928
SYNPCC7942_RS09790,Synpcc7942_1929
SYNPCC7942_RS09795,Synpcc7942_1930
SYNPCC7942_RS09800,Synpcc7942_1931
SYNPCC7942_RS09805,Synpcc7942_1932
SYNPCC7942_RS09810,Synpcc7942_1933
SYNPCC7942_RS09815,Synpcc7942_1934
SYNPCC7942_RS09820,Synpcc7942_1935
SYNPCC7942_RS09825,Synpcc7942_1936
SYNPCC7942_RS09830,Synpcc7942_1937
SYNPCC7942_RS09835,Synpcc7942_1938
SYNPCC7942_RS09840,Synpcc7942_1939
SYNPCC7942_RS09845,Synpcc7942_1940
SYNPCC7942_RS09850,Synpcc7942_1941
SYNPCC7942_RS09855,Synpcc7942_1942
SYNPCC7942_RS09860,Synpcc7942_1943
SYNPCC7942_RS09865,Synpcc7942_1944
SYNPCC7942_RS09870,Synpcc7942_1945
SYNPCC7942_RS09875,Synpcc7942_1946
SYNPCC7942_RS09880,Synpcc7942_1947
SYNPCC7942_RS09885,Synpcc7942_1948
SYNPCC7942_RS09890,Synpcc7942_1949
SYNPCC7942_RS09895,Synpcc7942_1950
SYNPCC7942_RS09900,Synpcc7942_1951
SYNPCC7942_RS09910,Synpcc7942_1952
SYNPCC7942_RS09915,Synpcc7942_1953
SYNPCC7942_RS09920,Synpcc7942_1954
SYNPCC7942_RS09925,Synpcc7942_1956
SYNPCC7942_RS09930,Synpcc7942_1957
SYNPCC7942_RS09935,Synpcc7942_1958
SYNPCC7942_RS09940,Synpcc7942_1959
SYNPCC7942_RS09945,Synpcc7942_1960
SYNPCC7942_RS09950,Synpcc7942_1961
SYNPCC7942_RS09955,Synpcc7942_1962
SYNPCC7942_RS09960,Synpcc7942_1963
SYNPCC7942_RS09965,Synpcc7942_1964
SYNPCC7942_RS09970,Synpcc7942_1965
SYNPCC7942_RS09975,Synpcc7942_1966
SYNPCC7942_RS09980,Synpcc7942_1967
SYNPCC7942_RS09985,Synpcc7942_1968
SYNPCC7942_RS09990,Synpcc7942_1969
SYNPCC7942_RS09995,
SYNPCC7942_RS10000,Synpcc7942_1972
SYNPCC7942_RS10005,Synpcc7942_1973
SYNPCC7942_RS10010,Synpcc7942_1974
SYNPCC7942_RS10015,Synpcc7942_1975
SYNPCC7942_RS10020,Synpcc7942_1976
SYNPCC7942_RS10025,Synpcc7942_1977
SYNPCC7942_RS10030,Synpcc7942_1978
SYNPCC7942_RS10035,Synpcc7942_1979
SYNPCC7942_RS10040,Synpcc7942_1980
SYNPCC7942_RS10045,Synpcc7942_1981
SYNPCC7942_RS10050,Synpcc7942_1982
SYNPCC7942_RS10055,Synpcc7942_1983
SYNPCC7942_RS10060,Synpcc7942_1984
SYNPCC7942_RS10065,Synpcc7942_1985
SYNPCC7942_RS10070,Synpcc7942_1986
SYNPCC7942_RS10075,Synpcc7942_1987
SYNPCC7942_RS10080,Synpcc7942_1988
SYNPCC7942_RS10085,Synpcc7942_1989
SYNPCC7942_RS10090,Synpcc7942_1990
SYNPCC7942_RS10095,Synpcc7942_1991
SYNPCC7942_RS10100,Synpcc7942_1992
SYNPCC7942_RS10105,Synpcc7942_1993
SYNPCC7942_RS10110,Synpcc7942_1994
SYNPCC7942_RS10115,Synpcc7942_1995
SYNPCC7942_RS10120,Synpcc7942_1996
SYNPCC7942_RS10125,Synpcc7942_1997
SYNPCC7942_RS10130,Synpcc7942_1998
SYNPCC7942_RS10135,Synpcc7942_1999
SYNPCC7942_RS10140,Synpcc7942_2000
SYNPCC7942_RS10145,Synpcc7942_2001
SYNPCC7942_RS14070,
SYNPCC7942_RS10155,
SYNPCC7942_RS10160,Synpcc7942_2003
SYNPCC7942_RS10165,Synpcc7942_2004
SYNPCC7942_RS10170,Synpcc7942_2005
SYNPCC7942_RS10175,Synpcc7942_2006
SYNPCC7942_RS10180,Synpcc7942_2007
SYNPCC7942_RS10185,Synpcc7942_2008
SYNPCC7942_RS10190,Synpcc7942_2009
SYNPCC7942_RS10195,
SYNPCC7942_RS10200,Synpcc7942_2011
SYNPCC7942_RS10205,Synpcc7942_2012
SYNPCC7942_RS10210,Synpcc7942_2013
SYNPCC7942_RS10215,Synpcc7942_2014
SYNPCC7942_RS10220,Synpcc7942_2015
SYNPCC7942_RS10225,Synpcc7942_2016
SYNPCC7942_RS10230,Synpcc7942_2017
SYNPCC7942_RS10240,Synpcc7942_2018
SYNPCC7942_RS10245,Synpcc7942_2019
SYNPCC7942_RS10250,Synpcc7942_2020
SYNPCC7942_RS10255,Synpcc7942_2021
SYNPCC7942_RS10260,Synpcc7942_2022
SYNPCC7942_RS10265,Synpcc7942_2023
SYNPCC7942_RS10270,Synpcc7942_2024
SYNPCC7942_RS10275,Synpcc7942_2025
SYNPCC7942_RS10280,Synpcc7942_2026
SYNPCC7942_RS10285,Synpcc7942_2027
SYNPCC7942_RS10290,Synpcc7942_2028
SYNPCC7942_RS10295,Synpcc7942_2029
SYNPCC7942_RS10300,Synpcc7942_2030
SYNPCC7942_RS10305,Synpcc7942_2031
SYNPCC7942_RS10310,Synpcc7942_2032
SYNPCC7942_RS10315,Synpcc7942_2033
SYNPCC7942_RS10320,Synpcc7942_2034
SYNPCC7942_RS10325,Synpcc7942_2035
SYNPCC7942_RS10330,Synpcc7942_2036
SYNPCC7942_RS10335,Synpcc7942_2037
SYNPCC7942_RS10340,Synpcc7942_2038
SYNPCC7942_RS10345,Synpcc7942_2039
SYNPCC7942_RS10350,Synpcc7942_2040
SYNPCC7942_RS10355,Synpcc7942_2041
SYNPCC7942_RS10360,Synpcc7942_2042
SYNPCC7942_RS10365,Synpcc7942_2043
SYNPCC7942_RS10370,Synpcc7942_2044
SYNPCC7942_RS10375,Synpcc7942_2045
SYNPCC7942_RS10380,Synpcc7942_2046
SYNPCC7942_RS10385,Synpcc7942_2047
SYNPCC7942_RS10390,Synpcc7942_2048
SYNPCC7942_RS10395,Synpcc7942_2049
SYNPCC7942_RS10400,
SYNPCC7942_RS10405,Synpcc7942_2051
SYNPCC7942_RS10410,Synpcc7942_2052
SYNPCC7942_RS10415,Synpcc7942_2053
SYNPCC7942_RS10420,Synpcc7942_2054
SYNPCC7942_RS10425,Synpcc7942_2055
SYNPCC7942_RS10430,
SYNPCC7942_RS10435,Synpcc7942_2057
SYNPCC7942_RS10440,Synpcc7942_2058
SYNPCC7942_RS10445,Synpcc7942_2059
SYNPCC7942_RS10450,Synpcc7942_2060
SYNPCC7942_RS10455,Synpcc7942_2061
SYNPCC7942_RS10460,Synpcc7942_2062
SYNPCC7942_RS10465,Synpcc7942_2063
SYNPCC7942_RS10470,Synpcc7942_2064
SYNPCC7942_RS13805,Synpcc7942_2065
SYNPCC7942_RS10475,Synpcc7942_2066
SYNPCC7942_RS10480,Synpcc7942_2067
SYNPCC7942_RS10485,Synpcc7942_2068
SYNPCC7942_RS10490,Synpcc7942_2069
SYNPCC7942_RS10495,Synpcc7942_2070
SYNPCC7942_RS10500,Synpcc7942_2071
SYNPCC7942_RS10505,Synpcc7942_2072
SYNPCC7942_RS10510,Synpcc7942_2073
SYNPCC7942_RS10515,Synpcc7942_2074
SYNPCC7942_RS10520,Synpcc7942_2075
SYNPCC7942_RS10525,Synpcc7942_2076
SYNPCC7942_RS10530,Synpcc7942_2077
SYNPCC7942_RS10535,Synpcc7942_2078
SYNPCC7942_RS10540,Synpcc7942_2079
SYNPCC7942_RS10545,Synpcc7942_2080
SYNPCC7942_RS10550,Synpcc7942_2081
SYNPCC7942_RS10555,Synpcc7942_2082
SYNPCC7942_RS10560,Synpcc7942_2083
SYNPCC7942_RS10565,Synpcc7942_2084
SYNPCC7942_RS10570,Synpcc7942_2085
SYNPCC7942_RS10575,Synpcc7942_2086
SYNPCC7942_RS10580,Synpcc7942_2087
SYNPCC7942_RS10585,Synpcc7942_2088
SYNPCC7942_RS10590,Synpcc7942_2089
SYNPCC7942_RS10595,Synpcc7942_2090
SYNPCC7942_RS10600,Synpcc7942_2091
SYNPCC7942_RS10605,Synpcc7942_2092
SYNPCC7942_RS10610,Synpcc7942_2093
SYNPCC7942_RS10615,Synpcc7942_2094
SYNPCC7942_RS10620,Synpcc7942_2095
SYNPCC7942_RS10625,Synpcc7942_2096
SYNPCC7942_RS10630,Synpcc7942_2097
SYNPCC7942_RS10635,Synpcc7942_2098
SYNPCC7942_RS10640,Synpcc7942_2099
SYNPCC7942_RS10645,Synpcc7942_2100
SYNPCC7942_RS10650,Synpcc7942_2101
SYNPCC7942_RS10655,Synpcc7942_2102
SYNPCC7942_RS10660,Synpcc7942_2103
SYNPCC7942_RS10665,Synpcc7942_2104
SYNPCC7942_RS10670,Synpcc7942_2105
SYNPCC7942_RS10675,Synpcc7942_2106
SYNPCC7942_RS10680,
SYNPCC7942_RS10685,Synpcc7942_2108
SYNPCC7942_RS10690,Synpcc7942_2109
SYNPCC7942_RS10695,Synpcc7942_2110
SYNPCC7942_RS10700,Synpcc7942_2111
SYNPCC7942_RS10705,Synpcc7942_2112
SYNPCC7942_RS10710,Synpcc7942_2113
SYNPCC7942_RS10715,Synpcc7942_2114
SYNPCC7942_RS10725,Synpcc7942_2115
SYNPCC7942_RS10730,Synpcc7942_2116
SYNPCC7942_RS10735,Synpcc7942_2117
SYNPCC7942_RS10740,Synpcc7942_2118
SYNPCC7942_RS10745,Synpcc7942_2119
SYNPCC7942_RS10750,Synpcc7942_2120
SYNPCC7942_RS10755,Synpcc7942_2121
SYNPCC7942_RS10760,Synpcc7942_2122
SYNPCC7942_RS10765,Synpcc7942_2123
SYNPCC7942_RS10770,Synpcc7942_2124
SYNPCC7942_RS10775,Synpcc7942_2125
SYNPCC7942_RS10780,Synpcc7942_2126
SYNPCC7942_RS10785,Synpcc7942_2127
SYNPCC7942_RS10790,Synpcc7942_2128
SYNPCC7942_RS10795,Synpcc7942_2129
SYNPCC7942_RS10800,Synpcc7942_2130
SYNPCC7942_RS10805,Synpcc7942_2131
SYNPCC7942_RS10810,
SYNPCC7942_RS10815,Synpcc7942_2132
SYNPCC7942_RS10820,Synpcc7942_2133
SYNPCC7942_RS10825,Synpcc7942_2134
SYNPCC7942_RS10830,Synpcc7942_2135
SYNPCC7942_RS10835,Synpcc7942_2136
SYNPCC7942_RS10840,Synpcc7942_2137
SYNPCC7942_RS10845,
SYNPCC7942_RS14075,
SYNPCC7942_RS10850,Synpcc7942_2138
SYNPCC7942_RS14080,
SYNPCC7942_RS10855,Synpcc7942_2139
SYNPCC7942_RS10860,Synpcc7942_2140
SYNPCC7942_RS13810,
SYNPCC7942_RS10865,
SYNPCC7942_RS10870,Synpcc7942_2141
SYNPCC7942_RS10875,Synpcc7942_2142
SYNPCC7942_RS10880,Synpcc7942_2143
SYNPCC7942_RS10890,Synpcc7942_2144
SYNPCC7942_RS10895,Synpcc7942_2145
SYNPCC7942_RS10900,Synpcc7942_2146
SYNPCC7942_RS10905,Synpcc7942_2147
SYNPCC7942_RS10915,Synpcc7942_2148
SYNPCC7942_RS10920,Synpcc7942_2149
SYNPCC7942_RS10925,Synpcc7942_2150
SYNPCC7942_RS10930,Synpcc7942_2151
SYNPCC7942_RS10935,Synpcc7942_2152
SYNPCC7942_RS10940,Synpcc7942_2153
SYNPCC7942_RS10945,Synpcc7942_2154
SYNPCC7942_RS10950,Synpcc7942_2155
SYNPCC7942_RS10955,Synpcc7942_2156
SYNPCC7942_RS10960,Synpcc7942_2157
SYNPCC7942_RS10965,Synpcc7942_2158
SYNPCC7942_RS10970,Synpcc7942_2159
SYNPCC7942_RS10975,Synpcc7942_2160
SYNPCC7942_RS10980,Synpcc7942_2161
SYNPCC7942_RS10985,
SYNPCC7942_RS10990,Synpcc7942_2162
SYNPCC7942_RS10995,Synpcc7942_2163
SYNPCC7942_RS11000,Synpcc7942_2164
SYNPCC7942_RS11005,Synpcc7942_2165
SYNPCC7942_RS11010,Synpcc7942_2166
SYNPCC7942_RS11015,Synpcc7942_2167
SYNPCC7942_RS11020,Synpcc7942_2168
SYNPCC7942_RS11025,Synpcc7942_2169
SYNPCC7942_RS11030,Synpcc7942_2170
SYNPCC7942_RS11035,Synpcc7942_2171
SYNPCC7942_RS11040,Synpcc7942_2172
SYNPCC7942_RS11045,Synpcc7942_2173
SYNPCC7942_RS11050,Synpcc7942_2174
SYNPCC7942_RS11055,Synpcc7942_2175
SYNPCC7942_RS11060,Synpcc7942_2176
SYNPCC7942_RS11065,Synpcc7942_2177
SYNPCC7942_RS11070,Synpcc7942_2178
SYNPCC7942_RS11075,Synpcc7942_2179
SYNPCC7942_RS11080,Synpcc7942_2180
SYNPCC7942_RS11085,Synpcc7942_2181
SYNPCC7942_RS11090,Synpcc7942_2182
SYNPCC7942_RS11095,Synpcc7942_2183
SYNPCC7942_RS11100,Synpcc7942_2184
SYNPCC7942_RS11105,Synpcc7942_2185
SYNPCC7942_RS11110,Synpcc7942_2186
SYNPCC7942_RS11115,Synpcc7942_2187
SYNPCC7942_RS11120,Synpcc7942_2188
SYNPCC7942_RS14085,Synpcc7942_2189
SYNPCC7942_RS11125,Synpcc7942_2190
SYNPCC7942_RS11130,Synpcc7942_2191
SYNPCC7942_RS11135,Synpcc7942_2192
SYNPCC7942_RS11140,Synpcc7942_2193
SYNPCC7942_RS11145,Synpcc7942_2194
SYNPCC7942_RS11150,Synpcc7942_2195
SYNPCC7942_RS11155,Synpcc7942_2196
SYNPCC7942_RS11160,Synpcc7942_2197
SYNPCC7942_RS11165,Synpcc7942_2198
SYNPCC7942_RS11170,Synpcc7942_2199
SYNPCC7942_RS11175,Synpcc7942_2200
SYNPCC7942_RS11185,Synpcc7942_2201
SYNPCC7942_RS11190,Synpcc7942_2202
SYNPCC7942_RS11195,Synpcc7942_2203
SYNPCC7942_RS11200,Synpcc7942_2204
SYNPCC7942_RS11205,Synpcc7942_2205
SYNPCC7942_RS11210,Synpcc7942_2206
SYNPCC7942_RS11215,Synpcc7942_2207
SYNPCC7942_RS11220,Synpcc7942_2208
SYNPCC7942_RS11225,Synpcc7942_2209
SYNPCC7942_RS11230,Synpcc7942_2210
SYNPCC7942_RS11235,Synpcc7942_2211
SYNPCC7942_RS13815,Synpcc7942_2212
SYNPCC7942_RS11240,Synpcc7942_2213
SYNPCC7942_RS11245,Synpcc7942_2214
SYNPCC7942_RS11250,Synpcc7942_2215
SYNPCC7942_RS11255,Synpcc7942_2216
SYNPCC7942_RS11260,Synpcc7942_2217
SYNPCC7942_RS11265,Synpcc7942_2218
SYNPCC7942_RS11270,Synpcc7942_2219
SYNPCC7942_RS11275,Synpcc7942_2220
SYNPCC7942_RS11280,Synpcc7942_2221
SYNPCC7942_RS11285,Synpcc7942_2222
SYNPCC7942_RS11290,Synpcc7942_2223
SYNPCC7942_RS11295,Synpcc7942_2224
SYNPCC7942_RS11300,Synpcc7942_2225
SYNPCC7942_RS11305,Synpcc7942_2226
SYNPCC7942_RS11310,Synpcc7942_2227
SYNPCC7942_RS11315,Synpcc7942_2228
SYNPCC7942_RS11320,Synpcc7942_2229
SYNPCC7942_RS11325,Synpcc7942_2230
SYNPCC7942_RS11330,Synpcc7942_2231
SYNPCC7942_RS11335,Synpcc7942_2232
SYNPCC7942_RS11345,Synpcc7942_2234
SYNPCC7942_RS11350,Synpcc7942_2235
SYNPCC7942_RS11355,Synpcc7942_2236
SYNPCC7942_RS11360,Synpcc7942_2237
SYNPCC7942_RS11365,Synpcc7942_2238
SYNPCC7942_RS11370,Synpcc7942_2239
SYNPCC7942_RS11375,Synpcc7942_2240
SYNPCC7942_RS13820,Synpcc7942_2241
SYNPCC7942_RS14090,Synpcc7942_2242
SYNPCC7942_RS11385,Synpcc7942_2243
SYNPCC7942_RS11395,Synpcc7942_2244
SYNPCC7942_RS11400,Synpcc7942_2245
SYNPCC7942_RS11405,Synpcc7942_2246
SYNPCC7942_RS11410,Synpcc7942_2247
SYNPCC7942_RS11415,
SYNPCC7942_RS11420,Synpcc7942_2248
SYNPCC7942_RS11425,Synpcc7942_2249
SYNPCC7942_RS11430,
SYNPCC7942_RS11435,Synpcc7942_2250
SYNPCC7942_RS13825,Synpcc7942_2251
SYNPCC7942_RS11450,Synpcc7942_2252
SYNPCC7942_RS11455,Synpcc7942_2253
SYNPCC7942_RS11460,Synpcc7942_2254
SYNPCC7942_RS11465,Synpcc7942_2255
SYNPCC7942_RS11470,Synpcc7942_2256
SYNPCC7942_RS13830,Synpcc7942_2257
SYNPCC7942_RS11475,Synpcc7942_2258
SYNPCC7942_RS11480,Synpcc7942_2259
SYNPCC7942_RS11485,Synpcc7942_2260
SYNPCC7942_RS14095,
SYNPCC7942_RS11490,Synpcc7942_2261
SYNPCC7942_RS11495,Synpcc7942_2262
SYNPCC7942_RS11500,Synpcc7942_2263
SYNPCC7942_RS11505,Synpcc7942_2264
SYNPCC7942_RS11510,Synpcc7942_2265
SYNPCC7942_RS11515,Synpcc7942_2266
SYNPCC7942_RS11520,Synpcc7942_2267
SYNPCC7942_RS11525,Synpcc7942_2268
SYNPCC7942_RS11530,Synpcc7942_2269
SYNPCC7942_RS11535,Synpcc7942_2270
SYNPCC7942_RS11540,Synpcc7942_2271
SYNPCC7942_RS11545,Synpcc7942_2272
SYNPCC7942_RS11550,Synpcc7942_2273
SYNPCC7942_RS11555,Synpcc7942_2274
SYNPCC7942_RS11570,Synpcc7942_2276
SYNPCC7942_RS11575,Synpcc7942_2277
SYNPCC7942_RS11580,Synpcc7942_2278
SYNPCC7942_RS11585,Synpcc7942_2279
SYNPCC7942_RS11590,Synpcc7942_2280
SYNPCC7942_RS11595,Synpcc7942_2281
SYNPCC7942_RS11600,Synpcc7942_2282
SYNPCC7942_RS11605,Synpcc7942_2283
SYNPCC7942_RS11610,Synpcc7942_2284
SYNPCC7942_RS11615,Synpcc7942_2285
SYNPCC7942_RS11620,Synpcc7942_2286
SYNPCC7942_RS11625,Synpcc7942_2287
SYNPCC7942_RS11630,Synpcc7942_2288
SYNPCC7942_RS11635,Synpcc7942_2289
SYNPCC7942_RS11640,Synpcc7942_2290
SYNPCC7942_RS11645,Synpcc7942_2291
SYNPCC7942_RS11650,Synpcc7942_2292
SYNPCC7942_RS11655,Synpcc7942_2293
SYNPCC7942_RS11660,Synpcc7942_2294
SYNPCC7942_RS11665,Synpcc7942_2295
SYNPCC7942_RS11670,Synpcc7942_2296
SYNPCC7942_RS11675,Synpcc7942_2297
SYNPCC7942_RS11680,Synpcc7942_2298
SYNPCC7942_RS11685,Synpcc7942_2299
SYNPCC7942_RS11690,Synpcc7942_2300
SYNPCC7942_RS11695,Synpcc7942_2301
SYNPCC7942_RS11700,Synpcc7942_2302
SYNPCC7942_RS11705,Synpcc7942_2303
SYNPCC7942_RS11710,Synpcc7942_2304
SYNPCC7942_RS11715,Synpcc7942_2305
SYNPCC7942_RS11720,Synpcc7942_2306
SYNPCC7942_RS11725,Synpcc7942_2307
SYNPCC7942_RS11730,Synpcc7942_2308
SYNPCC7942_RS11735,Synpcc7942_2309
SYNPCC7942_RS11740,Synpcc7942_2310
SYNPCC7942_RS11750,Synpcc7942_2311
SYNPCC7942_RS11755,Synpcc7942_2312
SYNPCC7942_RS11760,Synpcc7942_2313
SYNPCC7942_RS11765,Synpcc7942_2314
SYNPCC7942_RS11770,Synpcc7942_2315
SYNPCC7942_RS11775,Synpcc7942_2316
SYNPCC7942_RS11780,Synpcc7942_2317
SYNPCC7942_RS11785,Synpcc7942_2318
SYNPCC7942_RS11790,
SYNPCC7942_RS11795,Synpcc7942_2320
SYNPCC7942_RS11800,Synpcc7942_2321
SYNPCC7942_RS11805,Synpcc7942_2322
SYNPCC7942_RS11810,Synpcc7942_2323
SYNPCC7942_RS11815,Synpcc7942_2324
SYNPCC7942_RS11820,Synpcc7942_2325
SYNPCC7942_RS11825,Synpcc7942_2326
SYNPCC7942_RS11830,Synpcc7942_2327
SYNPCC7942_RS11835,Synpcc7942_2328
SYNPCC7942_RS11840,Synpcc7942_2329
SYNPCC7942_RS11845,Synpcc7942_2330
SYNPCC7942_RS11850,Synpcc7942_2331
SYNPCC7942_RS11855,Synpcc7942_2332
SYNPCC7942_RS11860,Synpcc7942_2333
SYNPCC7942_RS11865,Synpcc7942_2334
SYNPCC7942_RS11870,Synpcc7942_2335
SYNPCC7942_RS14100,Synpcc7942_2336
SYNPCC7942_RS11875,Synpcc7942_2337
SYNPCC7942_RS11880,Synpcc7942_2338
SYNPCC7942_RS11885,Synpcc7942_2339
SYNPCC7942_RS11890,Synpcc7942_2340
SYNPCC7942_RS11895,Synpcc7942_2341
SYNPCC7942_RS11900,Synpcc7942_2342
SYNPCC7942_RS11905,Synpcc7942_2343
SYNPCC7942_RS11910,Synpcc7942_2344
SYNPCC7942_RS11915,Synpcc7942_2345
SYNPCC7942_RS11920,Synpcc7942_2346
SYNPCC7942_RS11925,Synpcc7942_2347
SYNPCC7942_RS11930,Synpcc7942_2348
SYNPCC7942_RS11935,Synpcc7942_2349
SYNPCC7942_RS11940,Synpcc7942_2350
SYNPCC7942_RS11945,Synpcc7942_2351
SYNPCC7942_RS11950,Synpcc7942_2352
SYNPCC7942_RS11955,Synpcc7942_2353
SYNPCC7942_RS11960,Synpcc7942_2354
SYNPCC7942_RS11965,Synpcc7942_2355
SYNPCC7942_RS11970,Synpcc7942_2356
SYNPCC7942_RS11975,Synpcc7942_2357
SYNPCC7942_RS11980,Synpcc7942_2358
SYNPCC7942_RS11985,Synpcc7942_2359
SYNPCC7942_RS11990,Synpcc7942_2360
SYNPCC7942_RS11995,Synpcc7942_2361
SYNPCC7942_RS12000,Synpcc7942_2362
SYNPCC7942_RS12005,Synpcc7942_2363
SYNPCC7942_RS12010,Synpcc7942_2364
SYNPCC7942_RS12015,Synpcc7942_2365
SYNPCC7942_RS12020,Synpcc7942_2366
SYNPCC7942_RS12025,Synpcc7942_2367
SYNPCC7942_RS12035,Synpcc7942_2368
SYNPCC7942_RS12040,Synpcc7942_2369
SYNPCC7942_RS12045,Synpcc7942_2370
SYNPCC7942_RS12050,Synpcc7942_2371
SYNPCC7942_RS12055,Synpcc7942_2372
SYNPCC7942_RS12060,Synpcc7942_2373
SYNPCC7942_RS12065,Synpcc7942_2374
SYNPCC7942_RS12070,Synpcc7942_2375
SYNPCC7942_RS12075,Synpcc7942_2376
SYNPCC7942_RS12080,Synpcc7942_2377
SYNPCC7942_RS12085,Synpcc7942_2378
SYNPCC7942_RS12090,Synpcc7942_2379
SYNPCC7942_RS12095,Synpcc7942_2380
SYNPCC7942_RS12100,Synpcc7942_2381
SYNPCC7942_RS12105,Synpcc7942_2382
SYNPCC7942_RS12110,Synpcc7942_2383
SYNPCC7942_RS12115,Synpcc7942_2384
SYNPCC7942_RS12120,Synpcc7942_2385
SYNPCC7942_RS12125,Synpcc7942_2386
SYNPCC7942_RS12130,Synpcc7942_2387
SYNPCC7942_RS12135,Synpcc7942_2388
SYNPCC7942_RS12140,Synpcc7942_2389
SYNPCC7942_RS12145,Synpcc7942_2390
SYNPCC7942_RS12150,
SYNPCC7942_RS12155,Synpcc7942_2392
SYNPCC7942_RS12160,Synpcc7942_2393
SYNPCC7942_RS12165,Synpcc7942_2394
SYNPCC7942_RS12170,Synpcc7942_2395
SYNPCC7942_RS12175,Synpcc7942_2396
SYNPCC7942_RS12180,Synpcc7942_2397
SYNPCC7942_RS12185,Synpcc7942_2398
SYNPCC7942_RS12190,Synpcc7942_2399
SYNPCC7942_RS12195,Synpcc7942_2400
SYNPCC7942_RS12200,Synpcc7942_2401
SYNPCC7942_RS12205,Synpcc7942_2402
SYNPCC7942_RS12210,Synpcc7942_2403
SYNPCC7942_RS13840,Synpcc7942_2404
SYNPCC7942_RS12225,Synpcc7942_2405
SYNPCC7942_RS12230,Synpcc7942_2406
SYNPCC7942_RS12235,Synpcc7942_2407
SYNPCC7942_RS12240,Synpcc7942_2408
SYNPCC7942_RS12245,Synpcc7942_2409
SYNPCC7942_RS12250,Synpcc7942_2410
SYNPCC7942_RS12255,
SYNPCC7942_RS12260,Synpcc7942_2412
SYNPCC7942_RS12265,Synpcc7942_2414
SYNPCC7942_RS12270,Synpcc7942_2415
SYNPCC7942_RS12275,Synpcc7942_2416
SYNPCC7942_RS12280,Synpcc7942_2417
SYNPCC7942_RS12285,Synpcc7942_2418
SYNPCC7942_RS12290,Synpcc7942_2419
SYNPCC7942_RS12295,Synpcc7942_2420
SYNPCC7942_RS12300,Synpcc7942_2421
SYNPCC7942_RS12305,Synpcc7942_2422
SYNPCC7942_RS12310,Synpcc7942_2423
SYNPCC7942_RS12315,Synpcc7942_2424
SYNPCC7942_RS12320,Synpcc7942_2425
SYNPCC7942_RS12325,Synpcc7942_2426
SYNPCC7942_RS12330,Synpcc7942_2427
SYNPCC7942_RS12335,Synpcc7942_2428
SYNPCC7942_RS12340,Synpcc7942_2429
SYNPCC7942_RS12345,Synpcc7942_2430
SYNPCC7942_RS12350,
SYNPCC7942_RS12355,Synpcc7942_2432
SYNPCC7942_RS12360,Synpcc7942_2433
SYNPCC7942_RS12365,Synpcc7942_2434
SYNPCC7942_RS12370,Synpcc7942_2435
SYNPCC7942_RS12375,Synpcc7942_2436
SYNPCC7942_RS12380,Synpcc7942_2437
SYNPCC7942_RS12385,Synpcc7942_2438
SYNPCC7942_RS12395,Synpcc7942_2439
SYNPCC7942_RS12400,Synpcc7942_2440
SYNPCC7942_RS12405,Synpcc7942_2441
SYNPCC7942_RS12410,Synpcc7942_2442
SYNPCC7942_RS12415,Synpcc7942_2443
SYNPCC7942_RS12420,Synpcc7942_2444
SYNPCC7942_RS12425,Synpcc7942_2445
SYNPCC7942_RS12430,Synpcc7942_2446
SYNPCC7942_RS12435,Synpcc7942_2447
SYNPCC7942_RS12440,Synpcc7942_2448
SYNPCC7942_RS12445,Synpcc7942_2449
SYNPCC7942_RS12450,Synpcc7942_2450
SYNPCC7942_RS12455,Synpcc7942_2451
SYNPCC7942_RS12460,Synpcc7942_2452
SYNPCC7942_RS12465,Synpcc7942_2453
SYNPCC7942_RS12470,
SYNPCC7942_RS12475,Synpcc7942_2455
SYNPCC7942_RS12480,Synpcc7942_2456
SYNPCC7942_RS12485,Synpcc7942_2457
SYNPCC7942_RS12490,Synpcc7942_2458
SYNPCC7942_RS12500,Synpcc7942_2459
SYNPCC7942_RS12505,Synpcc7942_2460
SYNPCC7942_RS12510,Synpcc7942_2461
SYNPCC7942_RS12515,Synpcc7942_2462
SYNPCC7942_RS12520,Synpcc7942_2463
SYNPCC7942_RS12525,Synpcc7942_2464
SYNPCC7942_RS12530,Synpcc7942_2465
SYNPCC7942_RS12535,Synpcc7942_2466
SYNPCC7942_RS12540,Synpcc7942_2467
SYNPCC7942_RS12545,Synpcc7942_2468
SYNPCC7942_RS12550,Synpcc7942_2469
SYNPCC7942_RS12555,Synpcc7942_2470
SYNPCC7942_RS12560,Synpcc7942_2471
SYNPCC7942_RS12565,Synpcc7942_2472
SYNPCC7942_RS12570,Synpcc7942_2473
SYNPCC7942_RS12575,Synpcc7942_2475
SYNPCC7942_RS12580,Synpcc7942_2476
SYNPCC7942_RS12585,Synpcc7942_2477
SYNPCC7942_RS12590,Synpcc7942_2478
SYNPCC7942_RS13845,Synpcc7942_2479
SYNPCC7942_RS12600,Synpcc7942_2480
SYNPCC7942_RS13850,Synpcc7942_2481
SYNPCC7942_RS12610,Synpcc7942_2483
SYNPCC7942_RS12615,Synpcc7942_2484
SYNPCC7942_RS14105,Synpcc7942_2485
SYNPCC7942_RS13855,Synpcc7942_2486
SYNPCC7942_RS12620,Synpcc7942_2487
SYNPCC7942_RS12625,Synpcc7942_2488
SYNPCC7942_RS12630,
SYNPCC7942_RS12635,Synpcc7942_2490
SYNPCC7942_RS12640,Synpcc7942_2491
SYNPCC7942_RS12645,Synpcc7942_2492
SYNPCC7942_RS12650,Synpcc7942_2493
SYNPCC7942_RS12655,Synpcc7942_2494
SYNPCC7942_RS12660,Synpcc7942_2495
SYNPCC7942_RS12665,Synpcc7942_2496
SYNPCC7942_RS12670,Synpcc7942_2497
SYNPCC7942_RS12675,Synpcc7942_2498
SYNPCC7942_RS12680,Synpcc7942_2499
SYNPCC7942_RS12685,Synpcc7942_2500
SYNPCC7942_RS12690,Synpcc7942_2501
SYNPCC7942_RS12695,Synpcc7942_2502
SYNPCC7942_RS12700,Synpcc7942_2503
SYNPCC7942_RS12705,Synpcc7942_2504
SYNPCC7942_RS12710,Synpcc7942_2505
SYNPCC7942_RS12715,Synpcc7942_2506
SYNPCC7942_RS12720,Synpcc7942_2507
SYNPCC7942_RS12725,Synpcc7942_2508
SYNPCC7942_RS12730,Synpcc7942_2509
SYNPCC7942_RS12735,Synpcc7942_2510
SYNPCC7942_RS12740,Synpcc7942_2511
SYNPCC7942_RS12745,Synpcc7942_2512
SYNPCC7942_RS12755,Synpcc7942_2513
SYNPCC7942_RS12760,Synpcc7942_2514
SYNPCC7942_RS12765,Synpcc7942_2515
SYNPCC7942_RS12775,Synpcc7942_2516
SYNPCC7942_RS12780,Synpcc7942_2517
SYNPCC7942_RS12785,Synpcc7942_2518
SYNPCC7942_RS12790,Synpcc7942_2519
SYNPCC7942_RS12795,Synpcc7942_2520
SYNPCC7942_RS12800,Synpcc7942_2521
SYNPCC7942_RS12805,Synpcc7942_2522
SYNPCC7942_RS14110,
SYNPCC7942_RS12815,Synpcc7942_2524
SYNPCC7942_RS12820,Synpcc7942_2525
SYNPCC7942_RS12825,Synpcc7942_2526
SYNPCC7942_RS12830,Synpcc7942_2527
SYNPCC7942_RS12835,Synpcc7942_2528
SYNPCC7942_RS12840,Synpcc7942_2529
SYNPCC7942_RS12845,Synpcc7942_2530
SYNPCC7942_RS12850,Synpcc7942_2531
SYNPCC7942_RS12855,Synpcc7942_2532
SYNPCC7942_RS12860,Synpcc7942_2533
SYNPCC7942_RS12865,Synpcc7942_2534
SYNPCC7942_RS12870,Synpcc7942_2535
SYNPCC7942_RS12875,Synpcc7942_2536
SYNPCC7942_RS12880,Synpcc7942_2537
SYNPCC7942_RS12885,Synpcc7942_2538
SYNPCC7942_RS12890,Synpcc7942_2539
SYNPCC7942_RS12895,Synpcc7942_2540
SYNPCC7942_RS12900,Synpcc7942_2541
SYNPCC7942_RS12915,Synpcc7942_2542
SYNPCC7942_RS12920,Synpcc7942_2543
SYNPCC7942_RS12925,Synpcc7942_2544
SYNPCC7942_RS12930,Synpcc7942_2545
SYNPCC7942_RS12935,Synpcc7942_2546
SYNPCC7942_RS12940,Synpcc7942_2547
SYNPCC7942_RS12945,Synpcc7942_2548
SYNPCC7942_RS12950,Synpcc7942_2549
SYNPCC7942_RS12955,Synpcc7942_2550
SYNPCC7942_RS12960,
SYNPCC7942_RS12965,Synpcc7942_2551
SYNPCC7942_RS12970,Synpcc7942_2552
SYNPCC7942_RS12975,Synpcc7942_2553
SYNPCC7942_RS12980,Synpcc7942_2554
SYNPCC7942_RS12985,
SYNPCC7942_RS12990,Synpcc7942_2556
SYNPCC7942_RS12995,Synpcc7942_2557
SYNPCC7942_RS13000,Synpcc7942_2558
SYNPCC7942_RS13005,Synpcc7942_2559
SYNPCC7942_RS13010,Synpcc7942_2560
SYNPCC7942_RS13015,Synpcc7942_2561
SYNPCC7942_RS13020,Synpcc7942_2562
SYNPCC7942_RS13025,Synpcc7942_2563
SYNPCC7942_RS13030,Synpcc7942_2564
SYNPCC7942_RS13035,Synpcc7942_2565
SYNPCC7942_RS13040,Synpcc7942_2566
SYNPCC7942_RS13045,Synpcc7942_2567
SYNPCC7942_RS13050,Synpcc7942_2568
SYNPCC7942_RS13055,Synpcc7942_2569
SYNPCC7942_RS13060,Synpcc7942_2570
SYNPCC7942_RS13065,Synpcc7942_2571
SYNPCC7942_RS13070,Synpcc7942_2572
SYNPCC7942_RS13075,Synpcc7942_2573
SYNPCC7942_RS13080,Synpcc7942_2574
SYNPCC7942_RS13085,Synpcc7942_2575
SYNPCC7942_RS13115,Synpcc7942_2576
SYNPCC7942_RS13120,Synpcc7942_2577
SYNPCC7942_RS13125,Synpcc7942_2578
SYNPCC7942_RS13130,Synpcc7942_2579
SYNPCC7942_RS13135,Synpcc7942_2580
SYNPCC7942_RS13145,Synpcc7942_2581
SYNPCC7942_RS13150,Synpcc7942_2582
SYNPCC7942_RS13155,Synpcc7942_2583
SYNPCC7942_RS13160,Synpcc7942_2584
SYNPCC7942_RS13165,Synpcc7942_2585
SYNPCC7942_RS13170,Synpcc7942_2586
SYNPCC7942_RS13175,Synpcc7942_2587
SYNPCC7942_RS13180,Synpcc7942_2588
SYNPCC7942_RS13185,Synpcc7942_2589
SYNPCC7942_RS13190,Synpcc7942_2590
SYNPCC7942_RS13195,Synpcc7942_2591
SYNPCC7942_RS13200,Synpcc7942_2592
SYNPCC7942_RS13205,Synpcc7942_2593
SYNPCC7942_RS13215,Synpcc7942_2594
SYNPCC7942_RS13220,Synpcc7942_2595
SYNPCC7942_RS13225,Synpcc7942_2596
SYNPCC7942_RS13230,Synpcc7942_2597
SYNPCC7942_RS13235,Synpcc7942_2598
SYNPCC7942_RS13240,Synpcc7942_2599
SYNPCC7942_RS13245,Synpcc7942_2600
SYNPCC7942_RS13250,Synpcc7942_2601
SYNPCC7942_RS13255,Synpcc7942_2602
SYNPCC7942_RS13260,Synpcc7942_2603
SYNPCC7942_RS13265,Synpcc7942_2604
SYNPCC7942_RS13270,Synpcc7942_2605
SYNPCC7942_RS13275,Synpcc7942_2606
SYNPCC7942_RS13280,Synpcc7942_2607
SYNPCC7942_RS13285,
SYNPCC7942_RS13290,Synpcc7942_2609
SYNPCC7942_RS13295,Synpcc7942_2610
SYNPCC7942_RS13300,Synpcc7942_2611
SYNPCC7942_RS13305,Synpcc7942_2612
SYNPCC7942_RS13310,Synpcc7942_2613
ST32046_p4,pUH24_04
ST32046_p5,pUH24_05
ST32046_p7,pUH24_07
ST32046_p8,pUH24_08
ST32046_p9,pUH24_09
